,molecule_chembl_id,canonical_smiles,bioactivity_class,MW,LogP,NumHDonors,NumHAcceptors,pIC50
0,CHEMBL1419822,Cn1c(=O)[nH]c(=O)c2c1nc([N+](=O)[O-])n2Cc1ccccc1,active,301.26199999999994,0.3797999999999993,1.0,7.0,6.126098402135539
1,CHEMBL1450407,COc1ccc(N2CCN(S(=O)(=O)c3ccc4c(c3)CC(C)N4C(=O)C3CC3)CC2)cc1,active,455.5800000000003,2.8937000000000017,0.0,5.0,6.4089353929735005
2,CHEMBL1709705,CCC(=O)N1c2ccc(S(=O)(=O)N3CCN(c4ccc(Cl)cc4)CC3)cc2CC1C,active,447.98800000000017,3.5385000000000026,0.0,4.0,6.221848749616356
3,CHEMBL1732337,CC1Cc2cc(S(=O)(=O)N3CCN(c4ccc([N+](=O)[O-])cc4)CC3)ccc2N1C(=O)C1CC1,active,470.5510000000003,2.7933000000000012,0.0,6.0,6.698970004336019
4,CHEMBL1569174,CCOC(=O)c1ccc(NC(=O)c2ccc(CN3CCc4ccccc4C3)cc2)cc1,active,414.50500000000017,4.673900000000004,1.0,4.0,6.3979400086720375
5,CHEMBL1569954,CCOc1ccc(NC(=O)c2ccc(CN3CCc4ccccc4C3)cc2)cc1,active,386.49500000000006,4.895900000000005,1.0,3.0,6.2441251443275085
6,CHEMBL1704728,CSc1ccc(NC(=O)c2ccc(CN3CCc4ccccc4C3)cc2)cc1,active,388.53600000000006,5.2191000000000045,1.0,3.0,6.585026652029182
7,CHEMBL1713298,O=C(Nc1ccc(OC(F)(F)F)cc1)c1ccc(CN2CCc3ccccc3C2)cc1,active,426.4380000000002,5.395800000000004,1.0,3.0,7.522878745280337
8,CHEMBL1700405,COc1ccc(NC(=O)c2ccc(CN3CCc4ccccc4C3)cc2)cc1,active,372.4680000000001,4.505800000000003,1.0,3.0,6.107905397309519
9,CHEMBL1450407,COc1ccc(N2CCN(S(=O)(=O)c3ccc4c(c3)CC(C)N4C(=O)C3CC3)CC2)cc1,active,455.5800000000003,2.8937000000000017,0.0,5.0,6.4089353929735005
10,CHEMBL1709705,CCC(=O)N1c2ccc(S(=O)(=O)N3CCN(c4ccc(Cl)cc4)CC3)cc2CC1C,active,447.98800000000017,3.5385000000000026,0.0,4.0,6.221848749616356
11,CHEMBL1732337,CC1Cc2cc(S(=O)(=O)N3CCN(c4ccc([N+](=O)[O-])cc4)CC3)ccc2N1C(=O)C1CC1,active,470.5510000000003,2.7933000000000012,0.0,6.0,6.698970004336019
12,CHEMBL1569174,CCOC(=O)c1ccc(NC(=O)c2ccc(CN3CCc4ccccc4C3)cc2)cc1,active,414.50500000000017,4.673900000000004,1.0,4.0,6.3979400086720375
13,CHEMBL1704728,CSc1ccc(NC(=O)c2ccc(CN3CCc4ccccc4C3)cc2)cc1,active,388.53600000000006,5.2191000000000045,1.0,3.0,6.585026652029182
14,CHEMBL1713298,O=C(Nc1ccc(OC(F)(F)F)cc1)c1ccc(CN2CCc3ccccc3C2)cc1,active,426.4380000000002,5.395800000000004,1.0,3.0,7.522878745280337
15,CHEMBL1419822,Cn1c(=O)[nH]c(=O)c2c1nc([N+](=O)[O-])n2Cc1ccccc1,active,301.26199999999994,0.3797999999999993,1.0,7.0,6.1249387366083
16,CHEMBL4087264,COC(=O)CC[C@H]1NC(=O)c2cc(Oc3cccc(N(C)C)c3)c(NC(=O)COCc3ccc(C(F)(F)F)cc3)cc2NC1=O,active,628.6040000000004,4.722700000000003,3.0,8.0,6.060480747381382
17,CHEMBL4065255,COC(=O)CC[C@@H]1NC(=O)c2cc(Oc3cccc(N(C)C)c3)c(NC(=O)COCc3ccc(C(F)(F)F)cc3)cc2NC1=O,active,628.6040000000004,4.722700000000003,3.0,8.0,6.229147988357855
18,CHEMBL4514780,CC(C)(C)S(=O)(=O)c1cc2c(Nc3ccc4scnc4c3)ncnc2cc1OCCO,active,458.5650000000002,3.926400000000003,2.0,9.0,8.397940008672037
19,CHEMBL4514780,CC(C)(C)S(=O)(=O)c1cc2c(Nc3ccc4scnc4c3)ncnc2cc1OCCO,active,458.5650000000002,3.926400000000003,2.0,9.0,7.886056647693163
20,CHEMBL4794272,COC(=O)Cn1cnc2cc(NC(=O)COCc3ccc(C(F)(F)F)cc3)c(Oc3cccc(N(C)C)c3)cc2c1=O,active,584.5510000000002,4.601900000000003,1.0,9.0,6.00436480540245
21,CHEMBL4781741,CN(C)c1cccc(Oc2cc3c(=O)[nH]cnc3cc2NC(=O)COCc2ccc(C(F)(F)F)cc2)c1,active,512.4880000000003,4.955500000000003,2.0,6.0,6.096910013008056
22,CHEMBL4750880,O=C(NCCCOc1ccc(C(F)(F)F)cc1)c1cc2nc[nH]c(=O)c2cc1-c1cccc(Cl)c1,active,501.89200000000017,5.461200000000003,2.0,4.0,6.075720713938118
23,CHEMBL4742329,COC(=O)Cn1cnc2cc(C(=O)NCCCOc3ccc(C(F)(F)F)cc3)c(-c3cccc(Cl)c3)cc2c1=O,active,573.955,5.107600000000004,1.0,7.0,6.0
24,CHEMBL4747890,O=C(NCCCOc1ccc(C(F)(F)F)cc1)c1cc2ncn(CC(=O)N3CCCCC3)c(=O)c2cc1-c1cccc(Cl)c1,active,627.0630000000003,5.947100000000006,1.0,6.0,6.096910013008056
25,CHEMBL4785218,O=C(NCCCOc1ccc(C(F)(F)F)cc1)c1cc2ncn(CC(=O)N3CCCC(F)(F)C3)c(=O)c2cc1-c1cccc(Cl)c1,active,663.0430000000002,6.192300000000006,1.0,6.0,6.113509274827518
26,CHEMBL4080835,C[C@@H]1NC(=O)c2cc(Oc3cccc(N(C)C)c3)c(NC(=O)COCc3ccc(C(F)(F)F)cc3)cc2NC1=O,active,556.5410000000002,4.789400000000003,3.0,6.0,6.026872146400302
27,CHEMBL4076733,CN(C)c1cccc(Oc2cc3c(cc2NC(=O)COCc2ccc(C(F)(F)F)cc2)NC(=O)[C@@H](CCC(=O)N2CCC(F)(F)CC2)NC3=O)c1,active,717.6919999999999,5.807400000000004,3.0,7.0,6.0915149811213505
28,CHEMBL4089565,CN(C)c1cccc(Oc2cc3c(cc2NC(=O)COCc2ccc(Cl)cc2)NC(=O)[C@@H](CCC(=O)N2CCCCC2)NC3=O)c1,active,648.1599999999999,5.196800000000003,3.0,7.0,6.045757490560675
29,CHEMBL4097753,CN(C)c1cccc(Oc2cc3c(cc2NC(=O)COCc2ccc(C(F)(F)F)cc2)NC(=O)[C@@H](CCC(=O)N2CCC(F)CC2)NC3=O)c1,active,699.7019999999999,5.510200000000004,3.0,7.0,6.376750709602099
30,CHEMBL4753767,COC(=O)Cn1cnc2cc(NC(=O)COCc3ccc(C(F)(F)F)cc3)c(Oc3cccc(N4CCOCC4)c3)cc2c1=O,active,626.588,4.372500000000004,1.0,10.0,6.259637310505756
31,CHEMBL4749022,CN(C)c1cccc(Oc2cc3c(=O)n(CC(=O)N4CCCC(F)(F)C4)cnc3cc2NC(=O)COCc2ccc(C(F)(F)F)cc2)c1,active,673.6390000000004,5.686600000000006,1.0,8.0,6.180456064458132
32,CHEMBL4740438,O=C(COCc1ccc(C(F)(F)F)cc1)Nc1cc2ncn(CC(=O)N3CCCC(F)(F)C3)c(=O)c2cc1Oc1cccc(N2CCOCC2)c1,active,715.6759999999999,5.457200000000005,1.0,9.0,6.301029995663981
33,CHEMBL4778195,CN(CCc1nc2ccccc2n1CC(=O)Nc1ccc2c(c1)CCC2)S(=O)(=O)c1ccccc1,active,488.6130000000003,4.026900000000003,1.0,5.0,6.200659450546418
34,CHEMBL4792227,COc1cc(NS(=O)(=O)C(C)C)cc(-c2cc(-c3ccc(N4CCNCC4)cc3)cnc2C)c1,active,480.6340000000003,4.292320000000003,2.0,6.0,6.281498311132726
35,CHEMBL4784430,COc1cc(NS(C)(=O)=O)cc(-c2cc(-c3ccc(N4CCNCC4)cc3)cnc2N)c1,active,453.56800000000027,2.7875000000000005,3.0,7.0,6.4089353929735005
36,CHEMBL4800115,CCCS(=O)(=O)Nc1cc(OC)cc(-c2cc(-c3ccc(N4CCNCC4)cc3)cnc2N)c1,active,481.62200000000024,3.567700000000001,3.0,7.0,6.614393726401688
37,CHEMBL4781705,COc1cc(NS(=O)(=O)C(C)C)cc(-c2cc(-c3ccc(N4CCNCC4)cc3)cnc2N)c1,active,481.6220000000003,3.5661000000000014,3.0,7.0,6.91721462968355
38,CHEMBL4776631,COc1cc(NS(=O)(=O)c2ccccc2)cc(-c2cc(-c3ccc(N4CCNCC4)cc3)cnc2N)c1,active,515.6390000000004,4.216800000000002,3.0,7.0,7.275724130399211
39,CHEMBL4795976,CCOc1cc(NS(=O)(=O)C(C)C)cc(-c2cc(-c3ccc(N4CCNCC4)cc3)cnc2N)c1,active,495.6490000000003,3.9562000000000017,3.0,7.0,7.337242168318426
40,CHEMBL4792496,CC(C)Oc1cc(NS(=O)(=O)C(C)C)cc(-c2cc(-c3ccc(N4CCNCC4)cc3)cnc2N)c1,active,509.6760000000003,4.344700000000002,3.0,7.0,6.490797477668897
41,CHEMBL4786742,CCCS(=O)(=O)Nc1cc(-c2cc(-c3ccc(N4CCNCC4)cc3)cnc2N)ccc1OC,active,481.6220000000003,3.567700000000002,3.0,7.0,6.376750709602099
42,CHEMBL4786295,CCCS(=O)(=O)Nc1cc(-c2cc(-c3ccc(N4CCNCC4)cc3)cnc2N)ccc1O,active,467.59500000000025,3.2647000000000017,4.0,7.0,6.0
43,CHEMBL4781373,CCCS(=O)(=O)Nc1cc(-c2cc(-c3ccc(N4CCNCC4)cc3)cnc2N)cc(OC)c1OC,active,511.64800000000037,3.5763000000000016,3.0,8.0,9.0
44,CHEMBL4788375,CCCS(=O)(=O)Nc1cc(-c2cc(-c3ccc(N4CCNCC4)cc3)cnc2N)cc(C)c1OC,active,495.64900000000034,3.876120000000002,3.0,7.0,6.889410289700751
45,CHEMBL4789724,CCCS(=O)(=O)Nc1cc(-c2cc(-c3ccc(N4CCNCC4)cc3)cnc2N)cc(F)c1OC,active,499.6120000000003,3.706800000000002,3.0,7.0,7.585026652029182
46,CHEMBL4793153,CCCS(=O)(=O)Nc1cc(-c2cc(-c3ccc(N4CCNCC4)cc3)cnc2N)cc(Cl)c1OC,active,516.0670000000003,4.2211000000000025,3.0,7.0,7.337242168318426
47,CHEMBL4781201,COc1cc(-c2cc(-c3ccc(N4CCNCC4)cc3)cnc2N)cc(F)c1OC,active,408.4770000000001,3.5637000000000016,2.0,6.0,6.22548303427145
48,CHEMBL4782505,CCCS(=O)(=O)Nc1cc(-c2cncc(-c3ccc(N4CCNCC4)cc3)c2)cc(F)c1OC,active,484.59700000000026,4.124600000000004,2.0,6.0,6.453457336521869
49,CHEMBL4799077,CCCS(=O)(=O)Nc1cc(-c2cc(-c3cccc(N4CCNCC4)c3)cnc2N)cc(F)c1OC,active,499.6120000000003,3.706800000000002,3.0,7.0,7.795880017344075
50,CHEMBL4784208,CCCCOC(=O)CC1c2cccc(C)c2S(=O)(=O)N1C(=O)c1cccc(C(F)(F)F)c1,active,469.48100000000017,4.633020000000005,0.0,5.0,6.031517051446065
51,CHEMBL4792557,CCCCOC(=O)CC1c2cccc(C)c2S(=O)(=O)N1C(=O)c1ccccc1C(F)(F)F,active,469.48100000000017,4.633020000000005,0.0,5.0,6.318758762624412
52,CHEMBL49120,CCN(CC)CCOc1ccc(Nc2ncc3cc(-c4c(Cl)cccc4Cl)c(=O)n(C)c3n2)cc1,active,512.4410000000004,5.766500000000005,1.0,7.0,7.431798275933005
53,CHEMBL4849134,CCN(CC)CCOc1ccc(Nc2ncc3cc(-c4ccc(Cl)cc4Cl)c(=O)n(C)c3n2)cc1,active,512.4410000000004,5.766500000000005,1.0,7.0,6.795880017344075
54,CHEMBL4853179,CCN(CC)CCOc1ccc(Nc2ncc3cc(-c4ccccc4Cl)c(=O)n(C)c3n2)cc1,active,477.99600000000027,5.113100000000004,1.0,7.0,8.397940008672037
55,CHEMBL4852860,CCN(CC)CCOc1ccc(Nc2ncc3cc(-c4ccc(Cl)cc4)c(=O)n(C)c3n2)cc1,active,477.99600000000027,5.113100000000005,1.0,7.0,6.022276394711152
56,CHEMBL4870434,CCN(CC)CCOc1ccc(Nc2ncc3cc(-c4ccc(O)cc4)c(=O)n(C)c3n2)cc1,active,459.55000000000024,4.165300000000003,2.0,8.0,8.301029995663981
57,CHEMBL4852513,CCN(CC)CCOc1ccc(Nc2ncc3cc(-c4ccc(OC)cc4)c(=O)n(C)c3n2)cc1,active,473.5770000000003,4.468300000000003,1.0,8.0,6.292429823902063
58,CHEMBL136244,CCN(CC)CCOc1ccc(Nc2ncc3cc(-c4ccccc4)c(=O)n(C)c3n2)cc1,active,443.5510000000002,4.459700000000003,1.0,7.0,7.853871964321762
59,CHEMBL136106,CCN(CC)CCOc1ccc(Nc2ncc3cc(-c4ccccc4)c(=O)n(CC)c3n2)cc1,active,457.57800000000026,4.942600000000004,1.0,7.0,7.823908740944319
60,CHEMBL4871544,CCN(CC)CCOc1ccc(Nc2ncc3cc(-c4ccccc4)c(=O)n(CCO)c3n2)cc1,active,473.5770000000003,3.915000000000002,2.0,8.0,6.568636235841013
61,CHEMBL4859716,CCN(CC)CCOc1ccc(Nc2ncc3cc(-c4c(Cl)cccc4Cl)c(=O)n(CCOC)c3n2)cc1,active,556.4940000000004,5.875900000000006,1.0,8.0,7.886056647693163
62,CHEMBL4858463,CCN(CC)CCOc1ccc(Nc2ncc3cc(-c4c(Cl)cccc4Cl)c(=O)n(Cc4ccccc4)c3n2)cc1,active,588.5390000000003,7.277800000000007,1.0,7.0,8.045757490560675
63,CHEMBL4847211,CCN(CC)CCOc1ccc(Nc2ncc3cc(-c4c(Cl)cccc4Cl)c(=O)n(CC(C)C)c3n2)cc1,active,554.5220000000003,6.885500000000007,1.0,7.0,8.522878745280337
64,CHEMBL4864576,CCN(CC)CCOc1ccc(Nc2ncc3cc(-c4c(Cl)cccc4Cl)c(=O)n(Cc4cccc(S(C)(=O)=O)c4)c3n2)cc1,active,666.6310000000003,6.681300000000007,1.0,9.0,8.301029995663981
65,CHEMBL4874031,CCN(CC)CCOc1ccc(Nc2ncc3cc(-c4c(Cl)cccc4Cl)c(=O)n(Cc4ccc(S(C)(=O)=O)cc4)c3n2)cc1,active,666.6310000000003,6.681300000000007,1.0,9.0,7.026872146400302
66,CHEMBL4868894,Cn1c(=O)c(-c2c(Cl)cccc2Cl)cc2cnc(Nc3ccc(S(C)(=O)=O)cc3)nc21,active,475.3570000000002,4.449400000000003,1.0,7.0,6.866461091629782
67,CHEMBL4864600,Cn1c(=O)c(-c2c(Cl)cccc2Cl)cc2cnc(Nc3cccc(S(C)(=O)=O)c3)nc21,active,475.3570000000002,4.449400000000003,1.0,7.0,7.657577319177793
68,CHEMBL4861488,Cn1c(=O)c(-c2ccccc2Cl)cc2cnc(Nc3cccc(S(C)(=O)=O)c3)nc21,active,440.91200000000015,3.796000000000001,1.0,7.0,7.698970004336019
69,CHEMBL4859351,Cn1c(=O)c(-c2ccc(Cl)cc2Cl)cc2cnc(Nc3cccc(S(C)(=O)=O)c3)nc21,active,475.35700000000014,4.449400000000003,1.0,7.0,6.056505484093897
70,CHEMBL4867716,Cn1c(=O)c(-c2ccc(F)cc2Cl)cc2cnc(Nc3cccc(S(C)(=O)=O)c3)nc21,active,458.90200000000016,3.935100000000002,1.0,7.0,6.661543506395395
71,CHEMBL4853711,Cn1c(=O)c(-c2cc(Cl)ccc2Cl)cc2cnc(Nc3cccc(S(C)(=O)=O)c3)nc21,active,475.3570000000002,4.449400000000003,1.0,7.0,6.136677139879544
72,CHEMBL4875011,Cc1ccc(-c2cc3cnc(Nc4cccc(S(C)(=O)=O)c4)nc3n(C)c2=O)c(Cl)c1,active,454.9390000000002,4.104420000000002,1.0,7.0,6.318758762624412
73,CHEMBL4534055,CCOC(=O)c1cc2ccccc2n1C(=O)c1ccc(C)cc1,inactive,307.34900000000005,3.8149200000000025,0.0,4.0,4.609064892896621
74,CHEMBL378112,CCOC(=O)c1cc2ccccc2n1S(=O)(=O)c1ccc(Cl)cc1,inactive,363.822,3.708400000000003,0.0,5.0,4.6307841425898575
75,CHEMBL4586513,CCOC(=O)c1cc2ccccc2n1S(=O)(=O)c1ccc(F)cc1,inactive,347.367,3.1941000000000015,0.0,5.0,4.899629454882437
76,CHEMBL1412853,Cc1ccc(S(=O)(=O)n2c(N)nc3ccccc32)cc1,inactive,287.34400000000005,2.16392,1.0,5.0,4.260427655549908
77,CHEMBL1412853,Cc1ccc(S(=O)(=O)n2c(N)nc3ccccc32)cc1,inactive,287.34400000000005,2.16392,1.0,5.0,4.260427655549908
78,CHEMBL1542558,COc1ccc(NC(C)=O)cc1S(=O)(=O)Nc1ccc(OCc2ccccc2)cc1,inactive,426.49400000000014,4.033400000000003,2.0,5.0,4.779891911959945
79,CHEMBL1700382,COc1ccc(C(=O)Nc2nc3ccccc3n2Cc2ccc(Cl)cc2)cc1,inactive,391.85800000000006,4.998900000000004,1.0,4.0,4.698970004336019
80,CHEMBL1717950,O=C(Nc1nc2ccccc2n1Cc1ccccc1Cl)c1cccs1,inactive,367.86100000000005,5.051800000000003,1.0,4.0,4.698970004336019
81,CHEMBL1574961,O=S(=O)(Nc1nc2ccccc2[nH]1)c1ccc(Cl)cc1,inactive,307.76200000000006,3.017100000000001,2.0,3.0,4.698970004336019
82,CHEMBL1349185,CC1CCc2c(sc(NC(=O)c3cccs3)c2C(=O)O)C1,inactive,321.4230000000001,3.8849000000000027,2.0,4.0,4.698970004336019
83,CHEMBL1603938,Cc1ccc(C)c(SCC(=O)OC/C(O)=C(\C#N)c2nc3ccccc3[nH]2)c1,inactive,393.468,4.307920000000002,2.0,6.0,4.698970004336019
84,CHEMBL1698552,O=C(Nc1nc2ccccc2n1Cc1ccc(Cl)cc1)c1ccc(F)cc1,inactive,379.82200000000006,5.129400000000003,1.0,3.0,4.698970004336019
85,CHEMBL1373066,O=C(NC(=S)Nc1sc2c(c1C(=O)O)CCCC2)c1ccccc1,inactive,360.4600000000001,3.451900000000002,3.0,4.0,4.761953896871205
86,CHEMBL1698647,Cc1cc(C(=O)NC2CCCc3c2cnn3-c2ccccc2F)n(Cc2ccc(F)cc2)n1,inactive,447.4890000000001,4.511120000000003,1.0,5.0,4.698970004336019
87,CHEMBL1708434,CC(=O)Nc1nc2ccccc2n1S(=O)(=O)c1ccc(C)cc1,inactive,329.38100000000003,2.540120000000001,1.0,5.0,4.698970004336019
88,CHEMBL552443,O=C(O)c1c(NC(=O)N2CCOCC2)sc2c1CCCC2,inactive,310.3750000000001,2.1892000000000005,2.0,4.0,4.698970004336019
89,CHEMBL1338507,Cc1cc(Br)ccc1SCC(=O)OC/C(O)=C(\C#N)c1nc2ccccc2[nH]1,inactive,458.3370000000002,4.762000000000003,2.0,6.0,4.698970004336019
90,CHEMBL1728408,O=C(Nc1nc2ccccc2n1Cc1ccc(Cl)cc1)c1ccccc1,inactive,361.83200000000005,4.990300000000004,1.0,3.0,4.698970004336019
91,CHEMBL1718692,CC(=O)N1CCc2cc(S(=O)(=O)N3CCN(c4ccc(Cl)cc4)CC3)ccc21,inactive,419.93400000000014,2.759900000000002,0.0,4.0,4.698970004336019
92,CHEMBL3145165,Cc1ccc2cccc(N=Cc3c(C)[nH]n(-c4ccccc4)c3=O)c2n1,inactive,342.4020000000001,4.081240000000003,1.0,4.0,4.698970004336019
93,CHEMBL599890,Cc1nonc1C(=O)NN=Cc1ccc([N+](=O)[O-])o1,inactive,265.185,0.6431199999999999,1.0,8.0,4.705533773838407
94,CHEMBL1699379,CCC(=O)N1CCc2cc(S(=O)(=O)N3CCN(c4ccc(Cl)cc4)CC3)ccc21,inactive,433.9610000000002,3.150000000000002,0.0,4.0,4.698970004336019
95,CHEMBL1709366,Cn1nccc1C(=O)N[C@@H]1CCCc2c1cnn2-c1ccccc1F,inactive,339.374,2.5523000000000007,1.0,5.0,4.698970004336019
96,CHEMBL1718809,O=C(Nc1nc2ccccc2n1Cc1ccccc1Cl)C1CCCCC1,inactive,367.8800000000002,5.256800000000004,1.0,3.0,4.698970004336019
97,CHEMBL1729147,Nc1nc2ccccc2n1C(=O)Cc1ccccc1,inactive,251.28899999999996,2.5014000000000003,1.0,4.0,4.698970004336019
98,CHEMBL1719472,CCc1cc(C(=O)NC2CCCc3c2cnn3-c2ccccc2F)no1,inactive,354.385,3.369200000000002,1.0,5.0,4.698970004336019
99,CHEMBL1535050,Nc1nc2ccccc2n1C(=O)c1ccc(F)cc1,inactive,255.25199999999995,2.4461000000000004,1.0,4.0,4.698970004336019
100,CHEMBL1387448,CC1(C)Cc2c(sc(NC(=O)c3ccccc3)c2C(=O)O)CO1,inactive,331.39300000000014,3.549900000000002,2.0,4.0,4.698970004336019
101,CHEMBL1534716,O=C(Nc1nc2ccccc2n1Cc1ccccc1)c1ccco1,inactive,317.34800000000007,3.9299000000000026,1.0,4.0,4.698970004336019
102,CHEMBL1700026,CCC(=O)N1CCc2cc(S(=O)(=O)N3CCN(c4ccc([N+](=O)[O-])cc4)CC3)ccc21,inactive,444.5130000000002,2.4048000000000007,0.0,6.0,4.698970004336019
103,CHEMBL1729457,CCC1CCc2c(sc(NC(=O)c3ccccc3Br)c2C(=O)OC)C1,inactive,422.34400000000016,5.064400000000004,1.0,4.0,4.698970004336019
104,CHEMBL1332003,O=C(Nc1nc2ccccc2n1Cc1ccc(Cl)cc1)c1ccco1,inactive,351.79300000000006,4.583300000000003,1.0,4.0,4.698970004336019
105,CHEMBL1719579,O=C(Nc1ccc(CN2CCc3ccccc3C2)cc1)c1ccc(Cl)cc1,inactive,376.88700000000006,5.150600000000004,1.0,2.0,4.698970004336019
106,CHEMBL1332003,O=C(Nc1nc2ccccc2n1Cc1ccc(Cl)cc1)c1ccco1,inactive,351.79300000000006,4.583300000000003,1.0,4.0,4.698970004336019
107,CHEMBL1700382,COc1ccc(C(=O)Nc2nc3ccccc3n2Cc2ccc(Cl)cc2)cc1,inactive,391.85800000000006,4.998900000000004,1.0,4.0,4.698970004336019
108,CHEMBL1519375,C/C=C/Cn1c(SCCCc2ccccc2)nc2c1c(=O)[nH]c(=O)n2C,inactive,370.4780000000002,2.7243000000000004,1.0,6.0,4.772113295386326
109,CHEMBL1388356,Cc1cccc(-n2nc3c4c(ccc3c2O)C(=O)c2ccccc2C4=O)c1,inactive,354.36500000000007,3.8149200000000025,1.0,5.0,4.7495799976911055
110,CHEMBL1320366,COC(=O)c1c(NC(=O)c2ccccc2)sc2c1CC(C)(C)OC2,inactive,345.42000000000024,3.6383000000000028,1.0,5.0,4.698970004336019
111,CHEMBL1700643,Nc1nc2ccccc2n1Cc1ccccc1Cl,inactive,257.72399999999993,3.3202000000000016,1.0,3.0,4.815308569182401
112,CHEMBL1710228,O=C(Nc1ccc(Cl)cc1)c1ccc(CCN2CCc3ccccc3C2)cc1,inactive,390.91400000000016,5.193100000000004,1.0,2.0,4.698970004336019
113,CHEMBL1719980,CC(=O)c1ccc(N2CCN(S(=O)(=O)c3ccc4c(c3)CCN4C(C)=O)CC2)cc1,inactive,427.5260000000003,2.309100000000001,0.0,5.0,4.721246399047171
114,CHEMBL1488993,Nc1nc2ccccc2n1CCOc1ccc(Cl)cc1,inactive,287.74999999999994,3.350900000000002,1.0,4.0,4.698970004336019
115,CHEMBL229012,O=C(Nc1sc2c(c1C(=O)O)CCCC2)c1cccs1,inactive,307.39599999999996,3.6389000000000022,2.0,4.0,4.698970004336019
116,CHEMBL1730398,Cc1cc(C(=O)NC2CCCc3c2cnn3-c2ccccc2F)[nH]n1,inactive,339.37399999999997,2.850320000000001,2.0,4.0,4.698970004336019
117,CHEMBL1730320,O=C(C1CC1)N1CCc2cc(S(=O)(=O)N3CCN(c4ccc(Cl)cc4)CC3)ccc21,inactive,445.97200000000015,3.150000000000002,0.0,4.0,4.698970004336019
118,CHEMBL1314048,Nc1nc2ccccc2n1Cc1ccc(Cl)cc1,inactive,257.72399999999993,3.3202000000000016,1.0,3.0,4.931814138253838
119,CHEMBL1701049,O=C(Nc1nc2ccccc2n1Cc1ccccc1Cl)c1ccc(Cl)cc1,inactive,396.27700000000004,5.6437000000000035,1.0,3.0,4.698970004336019
120,CHEMBL1562608,CCC(=O)Nc1nc2ccccc2n1Cc1ccccc1Cl,inactive,313.788,4.086500000000003,1.0,3.0,4.698970004336019
121,CHEMBL1599782,CCOC(=O)c1c(C)[nH]c(C)c1C(=O)CSc1nc2ccccc2c(=O)n1-c1ccc(CC)cc1,inactive,489.5970000000002,5.044740000000004,1.0,7.0,4.920818753952375
122,CHEMBL1562608,CCC(=O)Nc1nc2ccccc2n1Cc1ccccc1Cl,inactive,313.788,4.086500000000003,1.0,3.0,4.698970004336019
123,CHEMBL1491541,CCCc1nc(SCC(=O)N2CCC(Cc3ccccc3)CC2)c2c(=O)n(C)c(=O)n(C)c2n1,inactive,481.6220000000003,2.5531000000000006,0.0,8.0,4.943095148663527
124,CHEMBL1721154,COC(=O)c1c(NC(=O)c2cccc(F)c2)sc2c1CCC(C)C2,inactive,347.41100000000023,4.050900000000003,1.0,4.0,4.698970004336019
125,CHEMBL1328062,Cc1ccc(O)c(N=Cc2cc(Cc3ccccc3)cc([N+](=O)[O-])c2O)c1,inactive,362.3850000000001,4.655820000000004,2.0,5.0,4.698970004336019
126,CHEMBL1412853,Cc1ccc(S(=O)(=O)n2c(N)nc3ccccc32)cc1,inactive,287.34400000000005,2.16392,1.0,5.0,4.698970004336019
127,CHEMBL1731580,CC(C)C(=O)Nc1nc2ccccc2n1Cc1ccc(Cl)cc1,inactive,327.81500000000005,4.332500000000003,1.0,3.0,4.698970004336019
128,CHEMBL1731582,CC(=O)c1ccc(N2CCN(S(=O)(=O)c3ccc4c(c3)CCN4C(=O)C3CC3)CC2)cc1,inactive,453.56400000000036,2.699200000000001,0.0,5.0,4.698970004336019
129,CHEMBL1712022,CCOc1ccc(C(=O)NC2CCCc3c2cnn3-c2ccccc2F)cc1,inactive,379.435,4.217500000000003,1.0,4.0,4.732828271596986
130,CHEMBL1532172,O=C(Nc1sc2c(c1C(=O)O)CCCC2)C(=O)N1CCOCC1,inactive,338.3850000000001,1.1224,2.0,5.0,4.698970004336019
131,CHEMBL1342760,Cc1ccc(NC(=O)c2ccc(CN3CCc4ccccc4C3)cc2)cc1,inactive,356.46900000000005,4.805620000000004,1.0,2.0,4.698970004336019
132,CHEMBL1433326,COc1ccc(C(=O)Cn2c(N)nc3ccccc32)cc1,inactive,281.315,2.5100000000000007,1.0,5.0,4.698970004336019
133,CHEMBL1439726,CC1(C)Cc2c(sc(NC(=O)c3ccccc3Cl)c2C(=O)O)CO1,inactive,365.83800000000014,4.203300000000003,2.0,4.0,4.698970004336019
134,CHEMBL1487641,CC(=O)Nc1nc2ccccc2n1Cc1ccccc1,inactive,265.316,3.043000000000001,1.0,3.0,4.698970004336019
135,CHEMBL1703493,CC(=O)Nc1nc2ccccc2n1S(=O)(=O)c1ccc(Cl)cc1,inactive,349.799,2.8851000000000004,1.0,5.0,4.698970004336019
136,CHEMBL1556990,CC1(C)Cc2c(sc(NC(=O)c3ccco3)c2C(=O)O)CO1,inactive,321.3540000000001,3.142900000000001,2.0,5.0,4.698970004336019
137,CHEMBL1581027,CCOC(=O)c1c(NC(=O)CN2CCOCC2)sc2c1CC(C)(C)OC2,inactive,382.48200000000014,2.0468,1.0,7.0,4.698970004336019
138,CHEMBL1703491,Cc1cc(C(=O)NC2CCCc3c2cnn3-c2ccccc2F)n(C)n1,inactive,353.401,2.8607200000000006,1.0,5.0,4.698970004336019
139,CHEMBL1526705,O=C(CCc1ccccc1)Nc1sc2c(c1C(=O)O)CCCC2,inactive,329.42100000000016,3.8964000000000025,2.0,3.0,4.698970004336019
140,CHEMBL1354394,O=C(Nc1nc2c(F)cc(F)cc2s1)c1ccc([N+](=O)[O-])o1,inactive,325.25200000000007,3.328000000000001,1.0,6.0,4.806875401645538
141,CHEMBL1410618,CCC(=O)Nc1nc2ccccc2n1Cc1ccc(Cl)cc1,inactive,313.788,4.086500000000003,1.0,3.0,4.801342913045577
142,CHEMBL1732890,N#Cc1ccc(N2CCN(S(=O)(=O)c3ccc4c(c3)CCN4C(=O)C3CC3)CC2)cc1,inactive,436.5370000000003,2.3682800000000004,0.0,5.0,4.698970004336019
143,CHEMBL1732865,CN(C)c1ccc(C(=O)Nc2nc3ccccc3n2Cc2ccc(Cl)cc2)cc1,inactive,404.90100000000007,5.056300000000005,1.0,4.0,4.698970004336019
144,CHEMBL1411903,Cc1ccc(S(=O)(=O)n2c(C)nc3ccccc32)cc1,inactive,286.35600000000005,2.8901400000000015,0.0,4.0,4.698970004336019
145,CHEMBL1314048,Nc1nc2ccccc2n1Cc1ccc(Cl)cc1,inactive,257.72399999999993,3.3202000000000016,1.0,3.0,4.928117992693875
146,CHEMBL1723575,O=C(Nc1nc2ccccc2n1Cc1ccc(Cl)cc1)c1cccs1,inactive,367.86100000000005,5.051800000000003,1.0,4.0,4.698970004336019
147,CHEMBL1446570,CS(=O)(=O)c1ccc2nc(NC(=O)c3cccc(NS(=O)(=O)c4ccc(F)c(F)c4)c3)sc2c1,inactive,523.5640000000002,4.031100000000003,2.0,7.0,4.735182176990463
148,CHEMBL1733271,O=C(NC1CCCc2c1cnn2-c1ccccc1F)c1cc(-c2ccccc2)n[nH]1,inactive,401.44500000000016,4.2089000000000025,2.0,4.0,4.698970004336019
149,CHEMBL1445206,COc1ccc(C(=O)NC(=S)N(C)C2CCCCC2)cc1Br,inactive,385.32700000000006,3.736900000000003,1.0,3.0,4.698970004336019
150,CHEMBL1333987,Oc1ccc(N=Nc2ccccc2C(F)(F)F)c2cccnc12,inactive,317.27000000000004,5.374600000000003,1.0,4.0,4.698970004336019
151,CHEMBL1305007,CC1(C)Cc2c(sc(NC(=O)C(=O)N3CCCCC3)c2C(=O)O)CO1,inactive,366.4390000000002,2.2485999999999997,2.0,5.0,4.698970004336019
152,CHEMBL1445071,COc1cc(/C=C2/C(=O)NN(c3cccc(Cl)c3)C2=O)cc(Br)c1O,inactive,423.6500000000001,3.2781000000000016,2.0,4.0,4.698970004336019
153,CHEMBL1427550,CSC(S)=NN=Cc1ccc(Br)cc1,inactive,289.22300000000007,3.431800000000001,1.0,3.0,4.698970004336019
154,CHEMBL1393375,C=CCN(c1ccccc1OC)S(=O)(=O)c1ccc(Cl)c(C(=O)Nc2ccc(N3CCOCC3)cc2)c1,inactive,542.0570000000004,4.818800000000004,1.0,6.0,4.982966660701219
155,CHEMBL1734357,O=C(Nc1nc2ccccc2n1Cc1ccc(Cl)cc1)C1CCCCC1,inactive,367.8800000000002,5.256800000000004,1.0,3.0,4.698970004336019
156,CHEMBL1387990,Cc1c(C(=O)OCC(=O)c2c(N)n(CC(C)C)c(=O)n(C)c2=O)oc2ccccc12,inactive,413.4300000000001,1.8795199999999992,1.0,9.0,4.826813731587726
157,CHEMBL1407805,Nc1nc2ccccc2n1S(=O)(=O)c1ccc([N+](=O)[O-])cc1,inactive,318.314,1.7637,1.0,7.0,4.698970004336019
158,CHEMBL1424982,CCOC(=O)c1c(NC(=O)c2cccs2)sc2c1CC(C)(C)OC2,inactive,365.4760000000002,4.089900000000004,1.0,6.0,4.698970004336019
159,CHEMBL1526705,O=C(CCc1ccccc1)Nc1sc2c(c1C(=O)O)CCCC2,inactive,329.42100000000016,3.8964000000000025,2.0,3.0,4.698970004336019
160,CHEMBL1521474,Nc1nc2ccccc2n1S(=O)(=O)c1ccc(Cl)cc1,inactive,307.76199999999994,2.5089000000000006,1.0,5.0,4.705533773838407
161,CHEMBL1714566,O=C(NC1CCCc2c1cnn2-c1ccccc1F)c1ccnn1-c1ccccc1,inactive,401.44500000000016,4.004500000000003,1.0,5.0,4.698970004336019
162,CHEMBL1333554,CC(=O)Nc1nc2ccccc2n1Cc1ccc(Cl)cc1,inactive,299.76099999999997,3.6964000000000024,1.0,3.0,4.698970004336019
163,CHEMBL1525546,Fc1ccc(NC(S)=Nc2nccs2)cc1,inactive,253.32700000000006,3.3116000000000003,2.0,3.0,4.698970004336019
164,CHEMBL1704929,Cc1ccccc1C(=O)Nc1nc2ccccc2n1Cc1ccc(Cl)cc1,inactive,375.85900000000015,5.298720000000004,1.0,3.0,4.698970004336019
165,CHEMBL1724688,O=C(Nc1nc2ccccc2n1Cc1ccccc1Cl)c1ccco1,inactive,351.79300000000006,4.583300000000003,1.0,4.0,4.698970004336019
166,CHEMBL1481570,CCC(=O)Nc1nc2ccccc2n1Cc1ccccc1,inactive,279.343,3.4331000000000023,1.0,3.0,4.698970004336019
167,CHEMBL1441295,N#C/C(=C(/O)COC(=O)CSc1ccc2ccccc2c1)c1nc2ccccc2[nH]1,inactive,415.4740000000001,4.844280000000003,2.0,6.0,4.698970004336019
168,CHEMBL1405076,O=C(O)c1c(-n2cccc2)sc2c1CCCC2,inactive,247.31899999999993,3.115800000000002,1.0,3.0,4.698970004336019
169,CHEMBL1482357,O=C(NC(=S)N1CCN(c2ccc(F)cc2)CC1)c1cccs1,inactive,349.4560000000001,2.724100000000001,1.0,4.0,4.698970004336019
170,CHEMBL1541475,N#C/C(=C(/O)COC(=O)CSc1ccc(Cl)cc1)c1nc2ccccc2[nH]1,inactive,399.85900000000004,4.344480000000003,2.0,6.0,4.698970004336019
171,CHEMBL1716085,COC(=O)c1c(NC(=O)C(=O)N2CCCCC2)sc2c1CC(C)(C)OC2,inactive,380.4660000000002,2.3369999999999997,1.0,6.0,4.698970004336019
172,CHEMBL1382232,Cc1cc(SCC(=O)OC/C(O)=C(\C#N)c2nc3ccccc3[nH]2)c(C)cc1Br,inactive,472.3640000000001,5.070420000000003,2.0,6.0,4.698970004336019
173,CHEMBL1325644,Cc1cc(NC(=O)c2ccc(C)s2)n(-c2nc3ccccc3[nH]2)n1,inactive,337.408,3.679240000000002,2.0,5.0,4.698970004336019
174,CHEMBL1735630,O=C(Cc1ccccc1)Nc1nc2ccccc2n1Cc1ccc(Cl)cc1,inactive,375.85900000000004,4.919200000000004,1.0,3.0,4.698970004336019
175,CHEMBL1706542,CCC(=O)N1CCc2cc(S(=O)(=O)N3CCN(c4ccc(C#N)cc4)CC3)ccc21,inactive,424.5260000000002,2.3682800000000004,0.0,5.0,4.698970004336019
176,CHEMBL1370066,Cc1ccc(Cn2c(NC(=O)c3ccco3)nc3ccccc32)cc1,inactive,331.37500000000006,4.2383200000000025,1.0,4.0,4.698970004336019
177,CHEMBL1730320,O=C(C1CC1)N1CCc2cc(S(=O)(=O)N3CCN(c4ccc(Cl)cc4)CC3)ccc21,inactive,445.97200000000015,3.150000000000002,0.0,4.0,4.698970004336019
178,CHEMBL1387232,CC(=O)Nc1nc2ccccc2n1Cc1ccccc1Cl,inactive,299.76099999999997,3.6964000000000024,1.0,3.0,4.698970004336019
179,CHEMBL1716673,CCC(=O)N1CCc2cc(S(=O)(=O)N3CCN(c4ccc(C(C)=O)cc4)CC3)ccc21,inactive,441.5530000000002,2.699200000000001,0.0,5.0,4.698970004336019
180,CHEMBL1302600,CC(/C=C/c1ccccc1)=NNC(=O)c1cccc(Br)c1,inactive,343.22400000000005,4.268200000000003,1.0,2.0,4.698970004336019
181,CHEMBL1500624,Cc1ccc(C(=O)Nc2sc3c(c2C(=O)O)CCCC3)o1,inactive,305.35500000000013,3.4788200000000016,2.0,4.0,4.698970004336019
182,CHEMBL1434502,Cc1ccc2c(c1)CCCN2S(=O)(=O)c1cccc(C(=O)Nc2ccccc2C(=O)O)c1,inactive,450.5160000000002,4.0870200000000025,2.0,4.0,4.899629454882437
183,CHEMBL1726092,CCCCNCC(=O)Nc1sc2c(c1C(=O)O)CCCC2,inactive,310.41900000000015,2.6533000000000015,3.0,4.0,4.698970004336019
184,CHEMBL1706944,O=C(Nc1ccc(Cl)c(Cl)c1)c1ccc(CN2CCc3ccccc3C2)cc1,inactive,411.33200000000016,5.804000000000006,1.0,2.0,4.698970004336019
185,CHEMBL1716972,CC(=O)N1CCc2cc(S(=O)(=O)N3CCN(c4ccc([N+](=O)[O-])cc4)CC3)ccc21,inactive,430.48600000000016,2.0147,0.0,6.0,4.698970004336019
186,CHEMBL1412853,Cc1ccc(S(=O)(=O)n2c(N)nc3ccccc32)cc1,inactive,287.34400000000005,2.16392,1.0,5.0,4.698970004336019
187,CHEMBL1717510,O=C(Nc1nc2ccccc2n1Cc1ccc(Cl)cc1)c1ccc(Cl)cc1,inactive,396.27700000000004,5.6437000000000035,1.0,3.0,4.698970004336019
188,CHEMBL1736760,N#Cc1ccc(C(=O)Nc2nc3ccccc3n2Cc2ccc(Cl)cc2)cc1,inactive,386.8420000000001,4.8619800000000035,1.0,4.0,4.698970004336019
189,CHEMBL1299367,CCCCn1c(SCC(=O)c2ccccc2)nc2c1c(=O)[nH]c(=O)n2C,inactive,372.45000000000016,2.1983999999999995,1.0,7.0,4.698970004336019
190,CHEMBL1567543,CC(C)n1c(SCCCc2ccccc2)nc2c1c(=O)[nH]c(=O)n2C,inactive,358.46700000000016,2.7291000000000007,1.0,6.0,4.7544873321858505
191,CHEMBL1448844,C/C=C/Cn1c(SCc2ccccc2)nc2c1c(=O)[nH]c(=O)n2C,inactive,342.4240000000001,2.2916999999999996,1.0,6.0,4.698970004336019
192,CHEMBL1345225,C/C=C/Cn1c(SCc2ccc(Cl)cc2)nc2c1c(=O)[nH]c(=O)n2C,inactive,376.8690000000002,2.945100000000002,1.0,6.0,4.863279432843593
193,CHEMBL1491481,CCCn1c(SCCc2ccccc2)nc2c1c(=O)[nH]c(=O)n2C,inactive,344.4400000000001,2.1681,1.0,6.0,4.698970004336019
194,CHEMBL1412853,Cc1ccc(S(=O)(=O)n2c(N)nc3ccccc32)cc1,inactive,287.34400000000005,2.16392,1.0,5.0,4.698970004336019
195,CHEMBL1305184,CC(C)Sc1nc2c(c(=O)[nH]c(=O)n2C)n1Cc1ccccc1,inactive,330.413,1.9721,1.0,6.0,4.7423214251308154
196,CHEMBL1595049,CCCCCn1c(SCCc2ccccc2)nc2c1c(=O)[nH]c(=O)n2C,inactive,372.49400000000014,2.9483000000000006,1.0,6.0,4.698970004336019
197,CHEMBL1468879,C=CCn1c(SCCCc2ccccc2)nc2c1c(=O)[nH]c(=O)n2C,inactive,356.45100000000014,2.3342,1.0,6.0,4.8297382846050425
198,CHEMBL1386167,COCCn1c(SCCCc2ccccc2)nc2c1c(=O)[nH]c(=O)n2C,inactive,374.4660000000001,1.7945999999999998,1.0,7.0,4.698970004336019
199,CHEMBL1346587,COc1ccc(-c2cc(N)n(S(=O)(=O)c3c(F)c(F)c(F)c(F)c3F)n2)cc1OC,inactive,449.3570000000001,3.0820000000000007,1.0,7.0,4.785156151952302
200,CHEMBL1698072,Nc1cc(NC(=O)c2ccc3ccccc3c2O)ccc1Cl,inactive,312.7560000000001,4.033300000000001,3.0,3.0,4.698970004336019
201,CHEMBL1299367,CCCCn1c(SCC(=O)c2ccccc2)nc2c1c(=O)[nH]c(=O)n2C,inactive,372.45000000000016,2.1983999999999995,1.0,7.0,4.698970004336019
202,CHEMBL1345225,C/C=C/Cn1c(SCc2ccc(Cl)cc2)nc2c1c(=O)[nH]c(=O)n2C,inactive,376.8690000000002,2.945100000000002,1.0,6.0,4.698970004336019
203,CHEMBL1515929,COc1ccc(-c2cc(N)n(S(=O)(=O)c3ccc(F)cc3)n2)cc1OC,inactive,377.39700000000005,2.5256000000000007,1.0,7.0,4.698970004336019
204,CHEMBL1719080,CN(C(=O)c1ccccc1)C(c1ccccc1)c1c[nH]c2ccccc12,inactive,340.42600000000004,5.029500000000004,1.0,1.0,4.906578314837765
205,CHEMBL1468879,C=CCn1c(SCCCc2ccccc2)nc2c1c(=O)[nH]c(=O)n2C,inactive,356.45100000000014,2.3342,1.0,6.0,4.698970004336019
206,CHEMBL1699939,Nc1cc(-c2ccccc2)nn1S(=O)(=O)c1ccc(F)c(Cl)c1,inactive,351.7900000000001,3.161800000000002,1.0,5.0,4.698970004336019
207,CHEMBL1314651,COc1ccc(-c2cc(N)n(S(=O)(=O)c3ccc(Cl)cc3)n2)cc1OC,inactive,393.85200000000003,3.039900000000001,1.0,7.0,4.698970004336019
208,CHEMBL1700576,N#Cc1ccccc1S(=O)(=O)n1c(N)nc2ccccc21,inactive,298.327,1.72718,1.0,6.0,4.698970004336019
209,CHEMBL1327036,Nc1cc(-c2ccccc2)nn1S(=O)(=O)c1c(F)c(F)c(F)c(F)c1F,inactive,389.30500000000006,3.064800000000001,1.0,5.0,4.698970004336019
210,CHEMBL1700774,COc1ccc(-c2cc(N)n(S(=O)(=O)c3ccc(F)c(C)c3)n2)cc1,inactive,361.398,2.825420000000001,1.0,6.0,4.698970004336019
211,CHEMBL1567543,CC(C)n1c(SCCCc2ccccc2)nc2c1c(=O)[nH]c(=O)n2C,inactive,358.46700000000016,2.7291000000000007,1.0,6.0,4.698970004336019
212,CHEMBL1595049,CCCCCn1c(SCCc2ccccc2)nc2c1c(=O)[nH]c(=O)n2C,inactive,372.49400000000014,2.9483000000000006,1.0,6.0,4.698970004336019
213,CHEMBL1711631,Nc1nc2ccccc2n1S(=O)(=O)c1ccc(Cl)c(Cl)c1,inactive,342.207,3.162300000000001,1.0,5.0,4.698970004336019
214,CHEMBL1731457,Nc1nc2ccccc2n1S(=O)(=O)c1cccc2ccccc12,inactive,323.377,3.008700000000002,1.0,5.0,4.698970004336019
215,CHEMBL1397246,COc1ccc(-c2cc(N)n(S(=O)(=O)c3ccc(C(C)(C)C)cc3)n2)cc1OC,inactive,415.51500000000016,3.684000000000003,1.0,7.0,4.698970004336019
216,CHEMBL1711872,Cc1ccccc1S(=O)(=O)n1c(N)nc2ccccc21,inactive,287.344,2.16392,1.0,5.0,4.698970004336019
217,CHEMBL1702238,N#Cc1ccc(S(=O)(=O)n2c(N)nc3ccccc32)cc1,inactive,298.327,1.72718,1.0,6.0,4.698970004336019
218,CHEMBL1702956,Nc1nc2ccccc2n1S(=O)(=O)c1ccc(C(F)(F)F)cc1,inactive,341.31399999999996,2.8743000000000016,1.0,5.0,4.698970004336019
219,CHEMBL1732655,CCCCn1c(SCCCc2ccccc2)nc2c1c(=O)[nH]c(=O)n2C,inactive,372.49400000000014,2.9483000000000006,1.0,6.0,4.924453038607469
220,CHEMBL1733730,Nc1nc2ccccc2n1S(=O)(=O)c1ccc(OC(F)(F)F)cc1,inactive,357.313,2.754100000000001,1.0,6.0,4.698970004336019
221,CHEMBL1448844,C/C=C/Cn1c(SCc2ccccc2)nc2c1c(=O)[nH]c(=O)n2C,inactive,342.4240000000001,2.2916999999999996,1.0,6.0,4.698970004336019
222,CHEMBL1386167,COCCn1c(SCCCc2ccccc2)nc2c1c(=O)[nH]c(=O)n2C,inactive,374.4660000000001,1.7945999999999998,1.0,7.0,4.698970004336019
223,CHEMBL1705192,CC(C)c1ccc(S(=O)(=O)n2c(N)nc3ccccc32)cc1,inactive,315.398,2.978900000000001,1.0,5.0,4.698970004336019
224,CHEMBL1725059,Nc1nc2ccccc2n1S(=O)(=O)c1ccc(F)cc1,inactive,291.30699999999996,1.9946000000000002,1.0,5.0,4.698970004336019
225,CHEMBL1725440,CC(C)C(=O)N(C)C(c1ccccc1)c1c[nH]c2ccccc12,inactive,306.40900000000005,4.371700000000003,1.0,1.0,4.698970004336019
226,CHEMBL1394462,COc1ccc(-c2cc(N)n(S(=O)(=O)c3ccccc3)n2)cc1OC,inactive,359.40700000000004,2.3865000000000007,1.0,7.0,4.79317412396815
227,CHEMBL1354593,Nc1cc(-c2ccc(Cl)cc2)nn1S(=O)(=O)c1c(F)c(F)c(F)c(F)c1F,inactive,423.7500000000001,3.7182000000000004,1.0,5.0,4.698970004336019
228,CHEMBL1519375,C/C=C/Cn1c(SCCCc2ccccc2)nc2c1c(=O)[nH]c(=O)n2C,inactive,370.4780000000002,2.7243000000000004,1.0,6.0,4.97469413473523
229,CHEMBL1491481,CCCn1c(SCCc2ccccc2)nc2c1c(=O)[nH]c(=O)n2C,inactive,344.4400000000001,2.1681,1.0,6.0,4.698970004336019
230,CHEMBL1726554,COc1ccc(-c2cc(N)n(S(=O)(=O)c3cccc([N+](=O)[O-])c3)n2)cc1OC,inactive,404.4040000000001,2.2946999999999997,1.0,9.0,4.698970004336019
231,CHEMBL1305184,CC(C)Sc1nc2c(c(=O)[nH]c(=O)n2C)n1Cc1ccccc1,inactive,330.413,1.9721,1.0,6.0,4.698970004336019
232,CHEMBL1363341,Cc1ccc(S(=O)(=O)n2c(N)nc3cc(C)c(C)cc32)cc1,inactive,315.398,2.780760000000001,1.0,5.0,4.698970004336019
233,CHEMBL1412853,Cc1ccc(S(=O)(=O)n2c(N)nc3ccccc32)cc1,inactive,287.34400000000005,2.16392,1.0,5.0,4.698970004336019
234,CHEMBL1712058,CC1Cc2cc(S(=O)(=O)N3CCN(c4ccccc4)CC3)ccc2N1C(=O)C1CC1,inactive,425.55400000000026,2.8851000000000013,0.0,4.0,4.7594507517174005
235,CHEMBL1699379,CCC(=O)N1CCc2cc(S(=O)(=O)N3CCN(c4ccc(Cl)cc4)CC3)ccc21,inactive,433.9610000000002,3.150000000000002,0.0,4.0,4.698970004336019
236,CHEMBL1725712,Cc1ccc(N2CCN(S(=O)(=O)c3ccc4c(c3)CC(C)N4C(=O)C3CC3)CC2)cc1,inactive,439.5810000000003,3.193520000000002,0.0,4.0,4.698970004336019
237,CHEMBL1706542,CCC(=O)N1CCc2cc(S(=O)(=O)N3CCN(c4ccc(C#N)cc4)CC3)ccc21,inactive,424.5260000000002,2.3682800000000004,0.0,5.0,4.698970004336019
238,CHEMBL1732890,N#Cc1ccc(N2CCN(S(=O)(=O)c3ccc4c(c3)CCN4C(=O)C3CC3)CC2)cc1,inactive,436.5370000000003,2.3682800000000004,0.0,5.0,4.698970004336019
239,CHEMBL1730320,O=C(C1CC1)N1CCc2cc(S(=O)(=O)N3CCN(c4ccc(Cl)cc4)CC3)ccc21,inactive,445.97200000000015,3.150000000000002,0.0,4.0,4.698970004336019
240,CHEMBL1731582,CC(=O)c1ccc(N2CCN(S(=O)(=O)c3ccc4c(c3)CCN4C(=O)C3CC3)CC2)cc1,inactive,453.56400000000036,2.699200000000001,0.0,5.0,4.698970004336019
241,CHEMBL1716673,CCC(=O)N1CCc2cc(S(=O)(=O)N3CCN(c4ccc(C(C)=O)cc4)CC3)ccc21,inactive,441.5530000000002,2.699200000000001,0.0,5.0,4.698970004336019
242,CHEMBL1700026,CCC(=O)N1CCc2cc(S(=O)(=O)N3CCN(c4ccc([N+](=O)[O-])cc4)CC3)ccc21,inactive,444.5130000000002,2.4048000000000007,0.0,6.0,4.698970004336019
243,CHEMBL1719980,CC(=O)c1ccc(N2CCN(S(=O)(=O)c3ccc4c(c3)CCN4C(C)=O)CC2)cc1,inactive,427.5260000000003,2.309100000000001,0.0,5.0,4.698970004336019
244,CHEMBL1716972,CC(=O)N1CCc2cc(S(=O)(=O)N3CCN(c4ccc([N+](=O)[O-])cc4)CC3)ccc21,inactive,430.48600000000016,2.0147,0.0,6.0,4.698970004336019
245,CHEMBL1718692,CC(=O)N1CCc2cc(S(=O)(=O)N3CCN(c4ccc(Cl)cc4)CC3)ccc21,inactive,419.93400000000014,2.759900000000002,0.0,4.0,4.698970004336019
246,CHEMBL1342760,Cc1ccc(NC(=O)c2ccc(CN3CCc4ccccc4C3)cc2)cc1,inactive,356.46900000000005,4.805620000000004,1.0,2.0,4.698970004336019
247,CHEMBL1721360,O=C(Nc1ccc(F)cc1)c1ccc(CN2CCCCC2)cc1,inactive,312.3880000000001,4.063900000000003,1.0,2.0,4.698970004336019
248,CHEMBL1726725,CCOc1ccc(NC(=O)c2ccc(CN3CCCCC3)cc2)cc1,inactive,338.4510000000001,4.323500000000004,1.0,3.0,4.698970004336019
249,CHEMBL1700826,CCOc1ccc(NC(=O)c2ccc(CN3CCc4ccccc43)cc2)cc1,inactive,372.468,4.900300000000004,1.0,3.0,4.698970004336019
250,CHEMBL1723582,O=C(Nc1ccc(F)cc1)c1ccc(CN2CCc3ccccc32)cc1,inactive,346.40500000000003,4.640700000000003,1.0,2.0,4.698970004336019
251,CHEMBL1708215,COc1ccc(NC(=O)c2ccc(CN3CCCCC3)cc2)cc1,inactive,324.42400000000004,3.9334000000000033,1.0,3.0,4.698970004336019
252,CHEMBL1715638,COc1ccc(NC(=O)c2ccc(CN3CCc4ccccc43)cc2)cc1,inactive,358.44100000000003,4.510200000000004,1.0,3.0,4.698970004336019
253,CHEMBL1727158,CSc1ccc(NC(=O)c2ccc(CN3CCCCC3)cc2)cc1,inactive,340.4920000000001,4.646700000000004,1.0,3.0,4.698970004336019
254,CHEMBL1729949,CSc1ccc(NC(=O)c2ccc(CN3CCc4ccccc43)cc2)cc1,inactive,374.509,5.223500000000004,1.0,3.0,4.698970004336019
255,CHEMBL1706382,CN(C)c1ccc(NC(=O)c2ccc(CN3CCCCC3)cc2)cc1,inactive,337.46700000000004,3.9908000000000037,1.0,3.0,4.698970004336019
256,CHEMBL1731586,CN(C)c1ccc(NC(=O)c2ccc(CN3CCc4ccccc43)cc2)cc1,inactive,371.484,4.567600000000004,1.0,3.0,4.698970004336019
257,CHEMBL1728652,CCOC(=O)c1ccc(NC(=O)c2ccc(CCN3CCc4ccccc4C3)cc2)cc1,inactive,428.53200000000015,4.716400000000004,1.0,4.0,4.698970004336019
258,CHEMBL1720861,CCOc1ccc(NC(=O)c2ccc(CCN3CCc4ccccc4C3)cc2)cc1,inactive,400.5220000000001,4.938400000000004,1.0,3.0,4.698970004336019
259,CHEMBL1736791,O=C(Nc1ccc(S(=O)(=O)O)cc1)c1ccc(CN2CCc3ccccc3C2)cc1,inactive,422.50600000000026,3.7439000000000027,2.0,4.0,4.698970004336019
260,CHEMBL1728008,CCOc1ccc(C(=O)Nc2ccc(CN3CCc4ccccc4C3)cc2)cc1,inactive,386.49500000000006,4.895900000000005,1.0,3.0,4.698970004336019
261,CHEMBL1710228,O=C(Nc1ccc(Cl)cc1)c1ccc(CCN2CCc3ccccc3C2)cc1,inactive,390.91400000000016,5.193100000000004,1.0,2.0,4.698970004336019
262,CHEMBL1719579,O=C(Nc1ccc(CN2CCc3ccccc3C2)cc1)c1ccc(Cl)cc1,inactive,376.88700000000006,5.150600000000004,1.0,2.0,4.698970004336019
263,CHEMBL1521474,Nc1nc2ccccc2n1S(=O)(=O)c1ccc(Cl)cc1,inactive,307.76199999999994,2.5089000000000006,1.0,5.0,4.701146923590294
264,CHEMBL1412853,Cc1ccc(S(=O)(=O)n2c(N)nc3ccccc32)cc1,inactive,287.34400000000005,2.16392,1.0,5.0,4.698970004336019
265,CHEMBL1316316,COc1ccc(S(=O)(=O)n2c(N)nc3ccccc32)cc1,inactive,303.343,1.8640999999999999,1.0,6.0,4.698970004336019
266,CHEMBL1407805,Nc1nc2ccccc2n1S(=O)(=O)c1ccc([N+](=O)[O-])cc1,inactive,318.314,1.7637,1.0,7.0,4.698970004336019
267,CHEMBL1321508,Nc1nc2ccccc2n1S(=O)(=O)c1ccccc1,inactive,273.31699999999995,1.8555,1.0,5.0,4.698970004336019
268,CHEMBL1519988,Cc1ccc(S(=O)(=O)n2cnc3ccccc32)cc1,inactive,272.329,2.5817200000000007,0.0,4.0,4.698970004336019
269,CHEMBL1411903,Cc1ccc(S(=O)(=O)n2c(C)nc3ccccc32)cc1,inactive,286.35600000000005,2.8901400000000015,0.0,4.0,4.698970004336019
270,CHEMBL2018275,Cc1ccc(S(=O)(=O)n2c(S)nc3ccc(C)cc32)cc1,inactive,318.42300000000006,3.178840000000002,1.0,5.0,4.698970004336019
271,CHEMBL1363341,Cc1ccc(S(=O)(=O)n2c(N)nc3cc(C)c(C)cc32)cc1,inactive,315.398,2.780760000000001,1.0,5.0,4.698970004336019
272,CHEMBL1314048,Nc1nc2ccccc2n1Cc1ccc(Cl)cc1,inactive,257.72399999999993,3.3202000000000016,1.0,3.0,4.924453038607469
273,CHEMBL1535050,Nc1nc2ccccc2n1C(=O)c1ccc(F)cc1,inactive,255.25199999999995,2.4461000000000004,1.0,4.0,4.698970004336019
274,CHEMBL2018276,Nc1nc2ccccc2n1CCC(=O)c1ccc(Cl)cc1,inactive,299.76099999999997,3.544900000000002,1.0,4.0,4.698970004336019
275,CHEMBL1433326,COc1ccc(C(=O)Cn2c(N)nc3ccccc32)cc1,inactive,281.315,2.5100000000000007,1.0,5.0,4.698970004336019
276,CHEMBL1729147,Nc1nc2ccccc2n1C(=O)Cc1ccccc1,inactive,251.28899999999996,2.5014000000000003,1.0,4.0,4.698970004336019
277,CHEMBL3326922,CCCCCn1c(NC(C)=O)nc2ccccc21,inactive,245.32600000000002,3.1849000000000016,1.0,3.0,5.0
278,CHEMBL3326923,CCCCCn1c(N)nc2cc3ccccc3cc21,inactive,253.34900000000005,3.9619000000000026,1.0,3.0,5.0
279,CHEMBL3326924,CCCCCn1c(N)nc2ccc3ccccc3c21,inactive,253.34900000000005,3.9619000000000026,1.0,3.0,5.0
280,CHEMBL3326941,CCCCCn1c(N)nc2c(-c3ccccc3)cccc21,inactive,279.38700000000006,4.475700000000003,1.0,3.0,5.0
281,CHEMBL3326942,CCCCCn1c(N)nc2c(Cc3ccccc3)cccc21,inactive,293.41400000000004,4.399500000000003,1.0,3.0,5.0
282,CHEMBL3326943,CCCCCn1c(N)nc2c(OCc3ccccc3)cccc21,inactive,309.41300000000007,4.387700000000003,1.0,4.0,5.0
283,CHEMBL1412853,Cc1ccc(S(=O)(=O)n2c(N)nc3ccccc32)cc1,inactive,287.34400000000005,2.16392,1.0,5.0,4.698970004336019
284,CHEMBL1521474,Nc1nc2ccccc2n1S(=O)(=O)c1ccc(Cl)cc1,inactive,307.76199999999994,2.5089000000000006,1.0,5.0,4.701146923590294
285,CHEMBL1314048,Nc1nc2ccccc2n1Cc1ccc(Cl)cc1,inactive,257.72399999999993,3.3202000000000016,1.0,3.0,4.924453038607469
286,CHEMBL1519375,C/C=C/Cn1c(SCCCc2ccccc2)nc2c1c(=O)[nH]c(=O)n2C,inactive,370.4780000000002,2.7243000000000004,1.0,6.0,4.896196279044043
287,CHEMBL1595049,CCCCCn1c(SCCc2ccccc2)nc2c1c(=O)[nH]c(=O)n2C,inactive,372.49400000000014,2.9483000000000006,1.0,6.0,4.698970004336019
288,CHEMBL1305184,CC(C)Sc1nc2c(c(=O)[nH]c(=O)n2C)n1Cc1ccccc1,inactive,330.413,1.9721,1.0,6.0,4.7423214251308154
289,CHEMBL4757010,CCc1ccc(S(=O)(=O)Nc2cc(-n3c(C)nc4ccccc4c3=O)ccc2F)s1,inactive,443.52500000000015,4.257920000000003,1.0,6.0,4.301029995663981
290,CHEMBL4781211,O=C(Cc1ccncc1)NCCc1nc2ccccc2n1CC(=O)Nc1ccc2c(c1)CCC2,inactive,453.5460000000003,3.4601000000000015,2.0,5.0,4.586700235918748
291,CHEMBL4795393,CC(C)(C)OC(=O)N1CCC(C(=O)NCCc2nc3ccccc3n2CC(=O)Nc2ccc3c(c2)CCC3)CC1,inactive,545.6840000000001,4.469500000000003,2.0,6.0,4.97469413473523
292,CHEMBL4778513,O=C(Cn1c(CCNS(=O)(=O)c2cccnc2)nc2ccccc21)Nc1ccc2c(c1)CCC2,inactive,475.5740000000003,3.0797000000000008,2.0,6.0,4.785156151952302
293,CHEMBL4800550,O=C(Cn1c(CCNCc2ccncc2)nc2ccccc21)Nc1ccc2c(c1)CCC2,inactive,425.5360000000003,3.891000000000002,2.0,5.0,4.640164517660112
294,CHEMBL4794455,CN(C)c1cccc2c(S(=O)(=O)N(C)CCc3nc4ccccc4n3CC(=O)Nc3ccc4c(c3)CCC4)cccc12,inactive,581.7420000000001,5.246100000000005,1.0,6.0,4.698970004336019
295,CHEMBL5280124,CC(=O)O[C@@]12CO[C@@H]1C[C@H](O)[C@@]1(C)C(=O)[C@H](O)C3=C(C)[C@@H](OC(=O)[C@H](OCCC(=O)NCCCC[C@H](NC(=O)CC[C@@H](NC(=O)[C@H](C)NC(=O)/C=C/c4ccc(F)cc4Cl)C(N)=O)C(=O)O)[C@@H](NC(=O)OC(C)(C)C)c4ccccc4)C[C@@](O)([C@@H](OC(=O)c4ccccc4)[C@H]21)C3(C)C,inactive,1389.9189999999994,4.290800000000018,10.0,20.0,4.882066164960358
296,CHEMBL4462798,CCOC(=O)c1cc2ccccc2n1S(=O)(=O)c1ccc([N+](=O)[O-])cc1,inactive,374.3740000000001,2.9632000000000014,0.0,7.0,4.772113295386326
297,CHEMBL4451566,Cl.N=C1Cc2ccccc2N1Cc1ccc(Cl)cc1,inactive,293.197,4.301770000000002,1.0,1.0,4.6020599913279625
298,CHEMBL1314048,Nc1nc2ccccc2n1Cc1ccc(Cl)cc1,inactive,257.72399999999993,3.3202000000000016,1.0,3.0,4.924453038607469
299,CHEMBL4105123,COC(=O)CC[C@H]1NC(=O)c2cc(Oc3cccc(N(C)C)c3)c(NC(=O)COCc3ccc(OC)cc3)cc2NC1=O,intermediate,590.6330000000004,3.7125000000000012,3.0,9.0,5.021819483062586
300,CHEMBL4071802,COC(=O)CC[C@H]1NC(=O)c2cc(Oc3cccc(N(C)C)c3)c(NC(=O)COCc3ccc(C#N)cc3)cc2NC1=O,intermediate,585.6170000000003,3.5755800000000013,3.0,9.0,5.600326278518962
301,CHEMBL4093654,COC(=O)CC[C@H]1NC(=O)c2cc(Oc3cccc(N(C)C)c3)c(NC(=O)COCc3ccc(C(C)(C)C)cc3)cc2NC1=O,intermediate,616.7150000000004,5.001400000000003,3.0,8.0,5.621602099051862
302,CHEMBL4066081,COC(=O)CC[C@H]1NC(=O)c2cc(Oc3cccc(N(C)C)c3)c(NC(=O)COCc3ccc4ccccc4c3)cc2NC1=O,intermediate,610.6670000000003,4.8571000000000035,3.0,8.0,5.801342913045577
303,CHEMBL4071147,COC(=O)CC[C@H]1NC(=O)c2cc(Oc3cccc(N4CCCC4)c3)c(NC(=O)COCc3ccc(Cl)cc3)cc2NC1=O,intermediate,621.0900000000004,4.891500000000003,3.0,8.0,5.823908740944319
304,CHEMBL4793309,O=C(Cn1c(CCCNC(=O)c2ccccc2)nc2ccccc21)Nc1ccc2c(c1)CCC2,intermediate,452.5580000000003,4.5263000000000035,2.0,4.0,5.2441251443275085
305,CHEMBL4090701,CCN(CC)C(=O)CC[C@H]1NC(=O)c2cc(Oc3cccc(N(C)C)c3)c(NC(=O)COCc3ccccc3)cc2NC1=O,intermediate,601.7040000000003,4.399300000000003,3.0,7.0,5.467245621007502
306,CHEMBL4102685,COC(=O)CC[C@H]1NC(=O)c2cc(Oc3cccc(N(C)C)c3)c(NC(=O)COCc3ccc(F)c(F)c3)cc2NC1=O,intermediate,596.5870000000003,3.9821000000000017,3.0,8.0,5.769551078621726
307,CHEMBL4065600,COC(=O)CC[C@H]1NC(=O)c2cc(Oc3cccc(N(C)C)c3)c(NC(=O)COCc3cccc(F)c3)cc2NC1=O,intermediate,578.5970000000003,3.8430000000000017,3.0,8.0,5.39577394691553
308,CHEMBL4094948,COC(=O)CC[C@H]1NC(=O)c2cc(Oc3cccc(N(C)C)c3)c(NC(=O)COCc3cccc(Br)c3)cc2NC1=O,intermediate,639.5030000000003,4.466400000000003,3.0,8.0,5.642065152999546
309,CHEMBL4067528,COC(=O)CC[C@H]1NC(=O)c2cc(Oc3cccc(N(C)C)c3)c(NC(=O)COCc3ccc(Br)cc3)cc2NC1=O,intermediate,639.5030000000003,4.466400000000003,3.0,8.0,5.924453038607469
310,CHEMBL4474194,CCOC(=O)c1cc2ccccc2n1Cc1ccc(C)cc1,intermediate,293.366,4.174720000000003,0.0,3.0,5.043831569524636
311,CHEMBL4472193,CCOC(=O)c1cc2ccccc2n1S(=O)(=O)c1ccc(C)cc1,intermediate,343.40400000000005,3.3634200000000023,0.0,5.0,5.1904402853647325
312,CHEMBL3321852,O=C(Cn1c(CCNC(=O)c2ccccc2)nc2ccccc21)Nc1ccc2c(c1)CCC2,intermediate,438.53100000000023,4.136200000000003,2.0,4.0,5.481486060122113
313,CHEMBL3321852,O=C(Cn1c(CCNC(=O)c2ccccc2)nc2ccccc21)Nc1ccc2c(c1)CCC2,intermediate,438.53100000000023,4.136200000000003,2.0,4.0,5.207608310501746
314,CHEMBL1717353,O=C(C1CC1)N1CCc2cc(S(=O)(=O)N3CCN(c4ccc([N+](=O)[O-])cc4)CC3)ccc21,intermediate,456.5240000000002,2.4048000000000007,0.0,6.0,5.073657553374344
315,CHEMBL1586616,N#CC(c1ccccc1)c1ccc2c(C(F)(F)F)cc(C(F)(F)F)nc2n1,intermediate,381.279,5.322880000000002,0.0,3.0,5.399027104313252
316,CHEMBL1708503,Cn1nc(-c2ccc(Cl)cc2)cc1C(=O)NC1CCCc2c1cnn2-c1ccccc1F,intermediate,449.91700000000026,4.872700000000003,1.0,5.0,5.764471553092451
317,CHEMBL1312200,O=C(CSc1nc2ccccc2c(=O)n1Cc1ccccc1)Nc1ccc(Br)cc1C(=O)O,intermediate,524.3960000000002,4.636300000000004,2.0,6.0,5.152427340857888
318,CHEMBL1561275,Cc1nn(-c2ccccc2)c2nc(C(Cl)(Cl)Cl)nc(O)c12,intermediate,343.601,3.6562200000000016,1.0,5.0,5.229147988357856
319,CHEMBL1405985,O=C(CSc1ccccc1NS(=O)(=O)c1ccccc1F)Nc1nnc(C(F)(F)F)s1,intermediate,492.50100000000003,4.227600000000002,2.0,7.0,5.533132379645891
320,CHEMBL1543504,CCc1cc2c3c(c1)C(C)CC(C)(C)N3C(=O)/C2=C1\SC(=O)NC1=O,intermediate,356.447,3.5755000000000017,1.0,4.0,5.229147988357856
321,CHEMBL1710033,O=C(Nc1ccc(Br)cc1)c1ccc(CN2CCc3ccccc3C2)cc1,intermediate,421.33800000000025,5.259700000000004,1.0,2.0,5.790484985457369
322,CHEMBL1729430,CC(C)(C)NC(=S)NNC=C1C=C(Br)C(=O)C(Br)=C1,intermediate,409.1470000000001,2.777800000000001,3.0,3.0,5.100726812682396
323,CHEMBL1508723,COc1cccc(Nc2nc3ccccc3nc2NS(=O)(=O)c2cccs2)c1,intermediate,412.4960000000001,4.244300000000003,2.0,7.0,5.216096420727265
324,CHEMBL1542483,NC(=O)C1CCN(c2ccc(S(=O)(=O)N3CCC(Cc4ccccc4)CC3)cn2)CC1,intermediate,442.58500000000026,2.4267000000000003,1.0,5.0,5.039053804266168
325,CHEMBL1529494,Cc1cc(Cl)ccc1OCC(=O)Nc1ccccc1NS(=O)(=O)c1cccs1,intermediate,436.9420000000001,4.528220000000002,2.0,5.0,5.085656842880559
326,CHEMBL1299637,CC(C)(C)c1ccc(-c2noc(CCC(=O)NCc3ccco3)n2)cc1,intermediate,353.42199999999997,3.8761000000000028,1.0,5.0,5.665546248849069
327,CHEMBL1426966,Cc1ccc(CSc2nc(O)c(C#N)c(-c3ccccc3)n2)cc1,intermediate,333.41600000000005,4.321600000000004,1.0,5.0,5.161150909262744
328,CHEMBL1731774,Cn1nccc1C(=O)N[C@H]1CCCc2c1cnn2-c1ccccc1F,intermediate,339.374,2.5523000000000007,1.0,5.0,5.950781977329818
329,CHEMBL1462906,N#Cc1c(O)nc(SCc2cccc(C(F)(F)F)c2)nc1-c1ccccc1,intermediate,387.386,5.031980000000003,1.0,5.0,5.1249387366083
330,CHEMBL1611733,CCCCCCCn1c(=O)c(C(=O)Nc2cnccn2)c(O)c2ccccc21,intermediate,380.4480000000001,3.719800000000002,2.0,6.0,5.094204119632131
331,CHEMBL1384652,CCCCn1c(SCC(=O)Nc2nnc(C(C)C)s2)nc2c1c(=O)n(C)c(=O)n2C,intermediate,451.5780000000002,1.9394999999999996,1.0,11.0,5.161780778092374
332,CHEMBL1377340,CCCCCn1c(=O)c(C(=O)Nc2ccccc2S(N)(=O)=O)c(O)c2ccccc21,intermediate,429.49800000000016,2.7970000000000006,3.0,6.0,5.1598939055432425
333,CHEMBL1703685,COc1ccc(-c2cc(C(=O)NC3CCCc4c3cnn4-c3ccccc3F)n(C)n2)cc1,intermediate,445.49800000000005,4.227900000000003,1.0,6.0,5.872895201635193
334,CHEMBL1464332,Cc1oc2c(C)c3oc(=O)c(CCC(=O)O)c(C)c3cc2c1-c1ccccc1,intermediate,376.4080000000001,5.148660000000004,1.0,4.0,5.298432014944073
335,CHEMBL1472084,COC(=O)c1scc(S(=O)(=O)C(C)C)c1NN=C(C#N)C(=O)c1ccc(Cl)cc1,intermediate,453.9290000000002,3.5445800000000016,1.0,9.0,5.230622673923861
336,CHEMBL1466495,Cc1ccc(SCc2cc(O)nc(SCC(=O)Nc3cc(Cl)ccc3Cl)n2)cc1,intermediate,466.41500000000013,5.820520000000004,2.0,6.0,5.002176919254275
337,CHEMBL1706268,CC(=O)N1CCc2cc(S(=O)(=O)N3CCN(c4ccc(C#N)cc4)CC3)ccc21,intermediate,410.49900000000014,1.9781799999999998,0.0,5.0,5.0343280287798935
338,CHEMBL1484482,O=C(c1ccc(S(=O)(=O)N2CCCCC2)cc1)N1CCN(CCN2C(=O)c3cccc4cccc(c34)C2=O)CC1,intermediate,560.6760000000002,3.0684000000000013,0.0,6.0,5.168130225719498
339,CHEMBL1370183,CCOC(=O)C1=C(Cc2ccc(Cl)cc2)C(=O)c2ccccc2C1=O,intermediate,354.7890000000001,3.8214000000000024,0.0,4.0,5.154281982033341
340,CHEMBL1323512,Cl.O=[N+]([O-])c1ccc(O)c(Nc2ncnc3ccc(Br)cc23)c1,intermediate,397.61600000000004,4.1715,2.0,6.0,5.452225294612178
341,CHEMBL1603938,Cc1ccc(C)c(SCC(=O)OC/C(O)=C(\C#N)c2nc3ccccc3[nH]2)c1,intermediate,393.468,4.307920000000002,2.0,6.0,5.375717904164332
342,CHEMBL1332003,O=C(Nc1nc2ccccc2n1Cc1ccc(Cl)cc1)c1ccco1,intermediate,351.79300000000006,4.583300000000003,1.0,4.0,5.440093374963888
343,CHEMBL1519375,C/C=C/Cn1c(SCCCc2ccccc2)nc2c1c(=O)[nH]c(=O)n2C,intermediate,370.4780000000002,2.7243000000000004,1.0,6.0,5.3788237182249645
344,CHEMBL1562608,CCC(=O)Nc1nc2ccccc2n1Cc1ccccc1Cl,intermediate,313.788,4.086500000000003,1.0,3.0,5.280668713016273
345,CHEMBL1452157,C/C(Cl)=C\Cn1c(NCCc2ccccc2)nc2c1c(=O)n(C)c(=O)n2C,intermediate,387.8710000000002,2.2309,1.0,7.0,5.6020599913279625
346,CHEMBL1444568,CCCCn1c(CN2CCN(c3cccc(Cl)c3)CC2)nc2c1c(=O)n(C)c(=O)n2C,intermediate,444.96700000000027,2.2093999999999996,0.0,8.0,5.655607726314889
347,CHEMBL1336829,CCCCn1c(SCC(=O)Nc2nnc(CC)s2)nc2c1c(=O)n(C)c(=O)n2C,intermediate,437.55100000000016,1.3784999999999996,1.0,11.0,5.1432711096171175
348,CHEMBL1382232,Cc1cc(SCC(=O)OC/C(O)=C(\C#N)c2nc3ccccc3[nH]2)c(C)cc1Br,intermediate,472.3640000000001,5.070420000000003,2.0,6.0,5.284832642151542
349,CHEMBL1331314,CCCn1c(SCC(=O)Nc2nc3c(s2)CCCC3)nc2c1c(=O)n(C)c(=O)n2C,intermediate,448.5740000000003,1.9097999999999995,1.0,10.0,5.703334809738469
350,CHEMBL1519375,C/C=C/Cn1c(SCCCc2ccccc2)nc2c1c(=O)[nH]c(=O)n2C,intermediate,370.4780000000002,2.7243000000000004,1.0,6.0,5.098541678603888
351,CHEMBL1452157,C/C(Cl)=C\Cn1c(NCCc2ccccc2)nc2c1c(=O)n(C)c(=O)n2C,intermediate,387.8710000000002,2.2309,1.0,7.0,5.515700160653214
352,CHEMBL1331314,CCCn1c(SCC(=O)Nc2nc3c(s2)CCCC3)nc2c1c(=O)n(C)c(=O)n2C,intermediate,448.5740000000003,1.9097999999999995,1.0,10.0,5.920818753952375
353,CHEMBL1444568,CCCCn1c(CN2CCN(c3cccc(Cl)c3)CC2)nc2c1c(=O)n(C)c(=O)n2C,intermediate,444.96700000000027,2.2093999999999996,0.0,8.0,5.85078088734462
354,CHEMBL1336829,CCCCn1c(SCC(=O)Nc2nnc(CC)s2)nc2c1c(=O)n(C)c(=O)n2C,intermediate,437.55100000000016,1.3784999999999996,1.0,11.0,5.147520006363144
355,CHEMBL1720257,CC(=O)N1c2ccc(S(=O)(=O)N3CCN(c4ccc(Cl)cc4)CC3)cc2CC1C,intermediate,433.9610000000001,3.1484000000000023,0.0,4.0,5.756961951313706
356,CHEMBL1364793,CCC(=O)N1c2ccc(S(=O)(=O)N3CCN(c4ccc([N+](=O)[O-])cc4)CC3)cc2CC1C,intermediate,458.5400000000002,2.7933000000000012,0.0,6.0,5.809668301829708
357,CHEMBL1351584,CC1Cc2cc(S(=O)(=O)N3CCN(c4ccc(Cl)cc4)CC3)ccc2N1C(=O)C1CC1,intermediate,459.99900000000025,3.5385000000000026,0.0,4.0,5.440093374963888
358,CHEMBL1420187,CC(=O)c1ccc(N2CCN(S(=O)(=O)c3ccc4c(c3)CC(C)N4C(C)=O)CC2)cc1,intermediate,441.5530000000003,2.6976000000000013,0.0,5.0,5.429457060118103
359,CHEMBL1538784,CC(=O)c1ccc(N2CCN(S(=O)(=O)c3ccc4c(c3)CC(C)N4C(=O)C3CC3)CC2)cc1,intermediate,467.59100000000035,3.0877000000000017,0.0,5.0,5.102372908709558
360,CHEMBL1735926,CC(=O)N1c2ccc(S(=O)(=O)N3CCN(c4ccc([N+](=O)[O-])cc4)CC3)cc2CC1C,intermediate,444.5130000000002,2.403200000000001,0.0,6.0,5.85078088734462
361,CHEMBL1721926,CCC(=O)N1c2ccc(S(=O)(=O)N3CCN(c4ccc(C(C)=O)cc4)CC3)cc2CC1C,intermediate,455.5800000000002,3.0877000000000017,0.0,5.0,5.801342913045577
362,CHEMBL1700889,CC(=O)N1c2ccc(S(=O)(=O)N3CCN(c4ccccc4)CC3)cc2CC1C,intermediate,399.51600000000013,2.495000000000001,0.0,4.0,5.082494490447453
363,CHEMBL1733280,CC(=O)N1c2ccc(S(=O)(=O)N3CCN(c4ccc(C)cc4)CC3)cc2CC1C,intermediate,413.5430000000002,2.803420000000002,0.0,4.0,5.462180904926726
364,CHEMBL1717116,COc1ccc(N2CCN(S(=O)(=O)c3ccc4c(c3)CC(C)N4C(C)=O)CC2)cc1,intermediate,429.54200000000026,2.5036000000000005,0.0,5.0,5.482804102050026
365,CHEMBL1717353,O=C(C1CC1)N1CCc2cc(S(=O)(=O)N3CCN(c4ccc([N+](=O)[O-])cc4)CC3)ccc21,intermediate,456.5240000000002,2.4048000000000007,0.0,6.0,5.073143291050307
366,CHEMBL1706268,CC(=O)N1CCc2cc(S(=O)(=O)N3CCN(c4ccc(C#N)cc4)CC3)ccc21,intermediate,410.49900000000014,1.9781799999999998,0.0,5.0,5.0343280287798935
367,CHEMBL1612423,O=C(Nc1ccc(Cl)cc1)c1ccc(CN2CCc3ccccc3C2)cc1,intermediate,376.8870000000001,5.150600000000003,1.0,2.0,5.450996737974212
368,CHEMBL1532328,O=C(Nc1ccc(F)cc1)c1ccc(CN2CCc3ccccc3C2)cc1,intermediate,360.4320000000001,4.636300000000003,1.0,2.0,5.732828271596986
369,CHEMBL1734509,CN(C)c1ccc(NC(=O)c2ccc(CN3CCc4ccccc4C3)cc2)cc1,intermediate,385.511,4.563200000000004,1.0,3.0,5.446116973356125
370,CHEMBL1710033,O=C(Nc1ccc(Br)cc1)c1ccc(CN2CCc3ccccc3C2)cc1,intermediate,421.33800000000025,5.259700000000004,1.0,2.0,5.790484985457369
371,CHEMBL1554526,Nc1nc2ccccc2n1C(=O)c1ccc(Cl)cc1Cl,intermediate,306.15199999999993,3.6138000000000012,1.0,4.0,5.42021640338319
372,CHEMBL428647,CC(=O)O[C@H]1C(=O)[C@@]2(C)[C@H]([C@H](OC(=O)c3ccccc3)[C@]3(O)C[C@H](OC(=O)[C@H](O)[C@@H](NC(=O)c4ccccc4)c4ccccc4)C(C)=C1C3(C)C)[C@]1(OC(C)=O)CO[C@@H]1C[C@@H]2O,intermediate,853.918,3.7357000000000036,4.0,14.0,5.100015437450609
373,CHEMBL92,CC(=O)O[C@@]12CO[C@@H]1C[C@H](O)[C@@]1(C)C(=O)[C@H](O)C3=C(C)[C@@H](OC(=O)[C@H](O)[C@@H](NC(=O)OC(C)(C)C)c4ccccc4)C[C@@](O)([C@@H](OC(=O)c4ccccc4)[C@H]21)C3(C)C,intermediate,807.8900000000002,3.2596000000000025,5.0,14.0,5.300075597257523
374,CHEMBL4080144,COC(=O)CC[C@H]1NC(=O)c2cc(Oc3cccc(N(C)C)c3)c(NC(=O)COCc3ccc(F)cc3)cc2NC1=O,intermediate,578.5970000000003,3.8430000000000017,3.0,8.0,5.508638306165727
375,CHEMBL4060748,CN(C)c1cccc(Oc2cc3c(cc2NC(=O)COCc2ccccc2)NC(=O)[C@@H](CCC(=O)N2CCCC2)NC3=O)c1,intermediate,599.6880000000001,4.1533000000000015,3.0,7.0,5.421360790031928
376,CHEMBL4072135,CN(C)c1cccc(Oc2cc3c(cc2NC(=O)COCc2ccccc2)NC(=O)[C@@H](CCC(=O)NC2CC2)NC3=O)c1,intermediate,585.6610000000001,3.8095000000000017,4.0,7.0,5.146301788223826
377,CHEMBL4091371,CN(C)c1cccc(Oc2cc3c(cc2NC(=O)COCc2ccccc2)NC(=O)[C@@H](CCC(=O)NC(C)(C)C)NC3=O)c1,intermediate,601.7040000000002,4.445600000000002,4.0,7.0,5.6439741428068775
378,CHEMBL4063525,CCCCN(CCCC)C(=O)CC[C@H]1NC(=O)c2cc(Oc3cccc(N(C)C)c3)c(NC(=O)COCc3ccccc3)cc2NC1=O,intermediate,657.8120000000002,5.959700000000005,3.0,7.0,5.87942606879415
379,CHEMBL4080402,CN(C)c1cccc(Oc2cc3c(cc2NC(=O)COCc2ccccc2)NC(=O)[C@@H](CCC(=O)N2CCCCC2)NC3=O)c1,intermediate,613.715,4.543400000000003,3.0,7.0,5.52432881167557
380,CHEMBL4068672,CCCNC(=O)CC[C@H]1NC(=O)c2cc(Oc3cccc(N(C)C)c3)c(NC(=O)COCc3ccccc3)cc2NC1=O,intermediate,587.6770000000002,4.057100000000002,4.0,7.0,5.380906669373257
381,CHEMBL4069701,CCCCNC(=O)CC[C@H]1NC(=O)c2cc(Oc3cccc(N(C)C)c3)c(NC(=O)COCc3ccccc3)cc2NC1=O,intermediate,601.7040000000003,4.447200000000002,4.0,7.0,5.540607512240769
382,CHEMBL4061018,COC(=O)CC[C@H]1NC(=O)c2cc(Oc3cc(Cl)c(Cl)c(N(C)C)c3Cl)c(NC(=O)COCc3ccccc3)cc2NC1=O,intermediate,663.9420000000001,5.664100000000004,3.0,8.0,5.422508200162775
383,CHEMBL4092451,COC(=O)CC[C@H]1NC(=O)c2cc(Oc3cc(Cl)cc(N(C)C)c3)c(NC(=O)COCc3ccccc3)cc2NC1=O,intermediate,595.0520000000002,4.357300000000002,3.0,8.0,5.296708621881338
384,CHEMBL4065789,COC(=O)CC[C@H]1NC(=O)c2cc(Oc3ccc(Cl)c(N(C)C)c3)c(NC(=O)COCc3ccccc3)cc2NC1=O,intermediate,595.0520000000002,4.357300000000002,3.0,8.0,5.449771646944906
385,CHEMBL4064811,COC(=O)CC[C@H]1NC(=O)c2cc(Oc3cccc(N(C)C)c3)c(NC(=O)COCc3cccc(Cl)c3)cc2NC1=O,intermediate,595.0520000000002,4.357300000000002,3.0,8.0,5.681936665037238
386,CHEMBL4103835,COC(=O)CC[C@H]1NC(=O)c2cc(Oc3cccc(N(C)C)c3)c(NC(=O)COCc3ccc(Cl)cc3)cc2NC1=O,intermediate,595.0520000000002,4.357300000000002,3.0,8.0,5.906578314837765
387,CHEMBL4091963,COC(=O)CC[C@H]1NC(=O)c2cc(Oc3ccc(Cl)c(N(C)C)c3)c(NC(=O)COCc3ccc(Cl)cc3)cc2NC1=O,intermediate,629.4970000000003,5.0107000000000035,3.0,8.0,5.991399828238082
388,CHEMBL4788738,CN(C)c1cccc(Oc2cc3c(=O)n(CC(=O)N4CCCCC4)cnc3cc2NC(=O)COCc2ccc(C(F)(F)F)cc2)c1,intermediate,637.6590000000006,5.441400000000005,1.0,8.0,5.756961951313706
389,CHEMBL4763527,CN(C)c1cccc(Oc2cc3c(=O)n(CC(=O)N4CCC(F)CC4)cnc3cc2NC(=O)COCc2ccc(C(F)(F)F)cc2)c1,intermediate,655.6490000000005,5.3894000000000055,1.0,8.0,5.954677021213342
390,CHEMBL4776782,CN(C)c1cccc(Oc2cc3c(=O)n(CC(=O)N4CCC(F)(F)CC4)cnc3cc2NC(=O)COCc2ccc(C(F)(F)F)cc2)c1,intermediate,673.6390000000004,5.686600000000006,1.0,8.0,5.928117992693875
391,CHEMBL4787780,CN(C)c1cccc(Oc2cc3c(=O)[nH]cnc3cc2NC(=O)CCCOc2ccc(C(F)(F)F)cc2)c1,intermediate,526.5150000000003,5.5979000000000045,2.0,6.0,5.321481620959886
392,CHEMBL4778560,O=C(CCc1nc2ccccc2n1CC(=O)Nc1ccc2c(c1)CCC2)Nc1ccccc1,intermediate,438.53100000000023,4.735000000000003,2.0,4.0,5.055517327849831
393,CHEMBL4792350,O=C(Cn1c(CCNS(=O)(=O)c2ccccc2)nc2ccccc21)Nc1ccc2c(c1)CCC2,intermediate,474.5860000000003,3.684700000000001,2.0,5.0,5.281498311132726
394,CHEMBL4791327,CN(C)c1cccc2c(S(=O)(=O)NCCc3nc4ccccc4n3CC(=O)Nc3ccc4c(c3)CCC4)cccc12,intermediate,567.7150000000001,4.903900000000005,2.0,6.0,5.207608310501746
395,CHEMBL4795343,O=C(Cn1c(CCNCc2ccccc2)nc2ccccc21)Nc1ccc2c(c1)CCC2,intermediate,424.5480000000003,4.496000000000003,2.0,4.0,5.3223930472795065
396,CHEMBL4792847,O=C(Cn1c(CCCNS(=O)(=O)c2ccccc2)nc2ccccc21)Nc1ccc2c(c1)CCC2,intermediate,488.6130000000003,4.074800000000002,2.0,5.0,5.29073003902417
397,CHEMBL4795701,CN(CCCc1nc2ccccc2n1CC(=O)Nc1ccc2c(c1)CCC2)S(=O)(=O)c1ccccc1,intermediate,502.6400000000003,4.417000000000003,1.0,5.0,5.29413628771608
398,CHEMBL4786544,CCCS(=O)(=O)Nc1ccc(-c2cc(-c3ccc(N4CCNCC4)cc3)cnc2C)cc1OC,intermediate,480.6340000000003,4.2939200000000035,2.0,6.0,5.531062194334539
399,CHEMBL4779127,COc1cc(NS(C)(=O)=O)cc(-c2cc(-c3ccc(N4CCNCC4)cc3)cnc2C)c1,intermediate,452.58000000000027,3.513720000000002,2.0,6.0,5.431211787684653
400,CHEMBL4776443,CCS(=O)(=O)Nc1cc(OC)cc(-c2cc(-c3ccc(N4CCNCC4)cc3)cnc2C)c1,intermediate,466.60700000000026,3.9038200000000023,2.0,6.0,5.280751601552054
401,CHEMBL4782562,CCCS(=O)(=O)Nc1cc(OC)cc(-c2cc(-c3ccc(N4CCNCC4)cc3)cnc2C)c1,intermediate,480.63400000000024,4.2939200000000035,2.0,6.0,5.573651426212492
402,CHEMBL4781290,CCCS(=O)(=O)Nc1cc(-c2cc(-c3ccc(N4CCNCC4)cc3)cnc2N)cc(OC)c1C,intermediate,495.64900000000034,3.876120000000002,3.0,7.0,5.475344287642223
403,CHEMBL4800562,CCCS(=O)(=O)Nc1cc(-c2cc(-c3ccc(N4CCNCC4)cc3)cnc2N)ccc1C,intermediate,465.6230000000003,3.8675200000000025,3.0,6.0,5.9730583720409705
404,CHEMBL4789064,CCCS(=O)(=O)Nc1cc(-c2cc(-c3ccc(N4CCNCC4)cc3)cnc2N)cc2c1OCCO2,intermediate,509.6320000000004,3.330300000000001,3.0,8.0,5.609418121449565
405,CHEMBL4783273,CCCS(=O)(=O)NCc1cc(-c2cc(-c3ccc(N4CCNCC4)cc3)cnc2N)ccc1OC,intermediate,495.6490000000003,3.245400000000001,3.0,7.0,5.889410289700751
406,CHEMBL4792038,CCCS(=O)(=O)N1CCc2ccc(-c3cc(-c4ccc(N5CCNCC5)cc4)cnc3N)cc21,intermediate,477.63400000000024,3.5097000000000014,2.0,6.0,5.615109203469446
407,CHEMBL4797951,CCCS(=O)(=O)N1CCOc2ccc(-c3cc(-c4ccc(N5CCNCC5)cc4)cnc3N)cc21,intermediate,493.63300000000027,3.346000000000001,2.0,7.0,5.995248844408999
408,CHEMBL4798442,CCCS(=O)(=O)Nc1cc(-c2cc(-c3ccc(N4CCNCC4)cc3)cnc2C)cc(F)c1OC,intermediate,498.6240000000003,4.4330200000000035,2.0,6.0,5.592439150513638
409,CHEMBL4780183,CCCS(=O)(=O)Nc1cc(-c2cc(-c3cccc(S(C)(=O)=O)c3)cnc2N)ccc1OC,intermediate,475.5920000000002,3.561600000000002,2.0,7.0,5.575935474582512
410,CHEMBL4783925,CCCCOC(=O)CC1c2cccc(C)c2S(=O)(=O)N1C(=O)c1ccc(Cl)cc1,intermediate,435.9290000000002,4.2676200000000035,0.0,5.0,5.7594507517174005
411,CHEMBL4781719,CCCCOC(=O)CC1c2cccc(C)c2S(=O)(=O)N1C(=O)c1ccc(C#N)cc1,intermediate,426.4940000000002,3.4859000000000027,0.0,6.0,5.2636034977233574
412,CHEMBL4795977,CCCCOC(=O)CC1c2cccc(C)c2S(=O)(=O)N1C(=O)c1ccc(C(F)(F)F)cc1,intermediate,469.48100000000017,4.633020000000005,0.0,5.0,5.928117992693875
413,CHEMBL4792710,CCCCOC(=O)CC1c2cc(C)cc(C)c2S(=O)(=O)N1C(=O)c1ccc(C(F)(F)F)cc1,intermediate,483.50800000000015,4.941440000000005,0.0,5.0,5.732828271596986
414,CHEMBL4785810,CCCCOC(=O)CC1c2ccc(Cl)c(C)c2S(=O)(=O)N1C(=O)c1ccc(C(F)(F)F)cc1,intermediate,503.92600000000016,5.286420000000005,0.0,5.0,5.007446482167865
415,CHEMBL4799460,CCCCOC(=O)CC1c2cc(F)cc(C)c2S(=O)(=O)N1C(=O)c1ccc(C(F)(F)F)cc1,intermediate,487.4710000000001,4.772120000000005,0.0,5.0,5.173925197299173
416,CHEMBL4793354,CCCCOC(=O)CC1c2c(F)ccc(C)c2S(=O)(=O)N1C(=O)c1ccc(C(F)(F)F)cc1,intermediate,487.4710000000001,4.772120000000005,0.0,5.0,5.392544976785332
417,CHEMBL4787301,CCCCOC(=O)CC1c2cccc(Cl)c2S(=O)(=O)N1C(=O)c1ccc(C(F)(F)F)cc1,intermediate,489.89900000000017,4.978000000000004,0.0,5.0,5.856985199745905
418,CHEMBL4789799,CCCCOC(=O)CC1c2c(OC)ccc(OC)c2S(=O)(=O)N1C(=O)c1ccc(C(F)(F)F)cc1,intermediate,515.5060000000002,4.3418000000000045,0.0,7.0,5.152797636019076
419,CHEMBL4798678,CCCCOC(=O)CC1c2cc(OC)cc(OC)c2S(=O)(=O)N1C(=O)c1ccc(C(F)(F)F)cc1,intermediate,515.5060000000002,4.3418000000000045,0.0,7.0,5.402304814074488
420,CHEMBL4787349,CCCCOC(=O)CC1c2cccc(C(=O)OCCCC)c2S(=O)(=O)N1C(=O)c1ccc(C(F)(F)F)cc1,intermediate,555.5710000000003,5.281500000000006,0.0,7.0,5.367542707815276
421,CHEMBL4790037,COC(=O)CC1c2cccc(C)c2S(=O)(=O)N1C(=O)c1ccc(C(F)(F)F)cc1,intermediate,427.4000000000001,3.4627200000000027,0.0,5.0,5.449771646944906
422,CHEMBL4798316,Cc1cccc2c1S(=O)(=O)N(C(=O)c1ccc(C(F)(F)F)cc1)C2CC(=O)OC(C)(C)C,intermediate,469.4810000000002,4.631420000000004,0.0,5.0,5.3325470471100465
423,CHEMBL4776198,CCCCOCCC1c2cccc(C)c2C(=O)N1C(=O)c1ccc(C(F)(F)F)cc1,intermediate,419.4430000000001,5.5579200000000055,0.0,3.0,5.627087997029894
424,CHEMBL4779776,CCCCc1noc(CC2c3cccc(C)c3S(=O)(=O)N2C(=O)c2cccc(C(F)(F)F)c2)n1,intermediate,493.5070000000002,4.867920000000005,0.0,6.0,5.241088107602026
425,CHEMBL4791771,CCCCc1nnc(CC2c3cccc(C)c3S(=O)(=O)N2C(=O)c2cccc(C(F)(F)F)c2)o1,intermediate,493.5070000000002,4.867920000000005,0.0,6.0,5.3325470471100465
426,CHEMBL4854929,CCN(CC)CCOc1ccc(Nc2ncc3cc(-c4ccc(C(C)(C)C)cc4)c(=O)n(C)c3n2)cc1,intermediate,499.65900000000033,5.757200000000005,1.0,7.0,5.703334809738469
427,CHEMBL4847571,Cn1c(=O)c(-c2cccc(Cl)c2Cl)cc2cnc(Nc3cccc(S(C)(=O)=O)c3)nc21,intermediate,475.35700000000014,4.449400000000003,1.0,7.0,5.910094888560602
